date,opponent,goals,assists,points,plus_minus,SOG,TOI,result,team_score,opp_score,game_number,game_context,season,opp_goalie_id,opp_goalie_name
2021-10-30,NJD,0,0,0,-3,2,19.266666666666666,L,2,4,,regular_season,2021-22,8473541,J. Bernier
2021-11-14,WSH,0,0,0,-1,1,16.95,L,1,6,,regular_season,2021-22,8477970,V. Vanecek
2021-11-16,BUF,0,1,1,-2,2,18.883333333333333,L,1,2,,regular_season,2021-22,8474682,D. Tokarski
2021-11-18,MTL,1,0,1,1,3,16.05,W,6,0,,regular_season,2021-22,8480051,C. Primeau
2021-11-20,TOR,0,0,0,1,2,17.733333333333334,W,2,0,,regular_season,2021-22,8475789,J. Campbell
2021-11-22,WPG,0,0,0,1,3,19.666666666666668,W,3,1,,regular_season,2021-22,8476945,C. Hellebuyck
2021-11-24,VAN,0,0,0,0,4,20.783333333333335,W,4,1,,regular_season,2021-22,8477967,T. Demko
2021-11-26,NYI,0,1,1,1,4,18.6,W,1,0,,regular_season,2021-22,8478009,I. Sorokin
2021-11-27,MTL,1,2,3,-2,5,21.733333333333334,L,3,6,,regular_season,2021-22,8474596,J. Allen
2021-11-29,CGY,0,1,1,0,0,21.1,L,1,2,,regular_season,2021-22,8474593,J. Markstrom
2021-12-01,EDM,0,1,1,-4,1,22.05,L,2,5,,regular_season,2021-22,8475156,M. Koskinen
2021-12-04,VAN,1,2,3,2,5,19.033333333333335,W,4,1,,regular_season,2021-22,8477967,T. Demko
2021-12-06,SEA,1,1,2,3,3,14.766666666666667,W,6,1,,regular_season,2021-22,8475831,P. Grubauer
2021-12-10,WSH,0,2,2,1,2,18.866666666666667,W,4,2,,regular_season,2021-22,8478492,I. Samsonov
2021-12-11,ANA,0,0,0,0,2,19.683333333333334,W,1,0,,regular_season,2021-22,8476434,J. Gibson
2021-12-14,MTL,0,2,2,3,6,22.1,W,5,2,,regular_season,2021-22,8474596,J. Allen
2021-12-17,BUF,0,1,1,0,3,20.883333333333333,W,3,2,,regular_season,2021-22,8476876,M. Subban
2021-12-19,NJD,0,0,0,0,0,20.933333333333334,W,3,2,,regular_season,2021-22,8476903,J. Gillies
2022-01-02,SJS,0,2,2,3,2,19.65,W,8,5,,regular_season,2021-22,8473503,J. Reimer
2022-01-05,STL,1,1,2,2,2,18.733333333333334,W,5,3,,regular_season,2021-22,8476412,J. Binnington
2022-01-06,PHI,0,2,2,1,2,15.65,W,6,2,,regular_season,2021-22,8479394,C. Hart
2022-01-08,DAL,0,0,0,1,4,20.933333333333334,L,2,3,,regular_season,2021-22,8479979,J. Oettinger
2022-01-11,ANA,0,0,0,0,3,20.883333333333333,W,4,1,,regular_season,2021-22,8476932,A. Stolarz
2022-01-13,LAK,0,0,0,-1,0,18.616666666666667,L,2,6,,regular_season,2021-22,8471734,J. Quick
2022-01-15,SJS,0,1,1,1,3,19.216666666666665,W,2,1,,regular_season,2021-22,8478499,A. Hill
2022-01-17,VGK,1,0,1,2,4,18.266666666666666,W,5,3,,regular_season,2021-22,8475215,R. Lehner
2022-01-20,OTT,1,0,1,0,5,20.433333333333334,W,6,4,,regular_season,2021-22,8476341,A. Forsberg
2022-01-21,CBJ,3,1,4,2,6,20.15,W,5,2,,regular_season,2021-22,8476914,J. Korpisalo
2022-01-23,WPG,0,0,0,-1,1,23.283333333333335,W,3,2,,regular_season,2021-22,8476945,C. Hellebuyck
2022-01-25,ARI,1,2,3,0,4,16.916666666666668,W,6,3,,regular_season,2021-22,8478872,K. Vejmelka
2022-01-27,SEA,0,0,0,0,1,19.45,L,1,2,,regular_season,2021-22,8475831,P. Grubauer
2022-01-28,DET,0,2,2,1,3,22.383333333333333,L,2,3,,regular_season,2021-22,8475717,C. Pickard
2022-01-30,LAK,1,1,2,-2,2,19.866666666666667,L,3,4,,regular_season,2021-22,8477361,C. Petersen
2022-02-01,WSH,0,2,2,-2,5,23.816666666666666,L,3,4,,regular_season,2021-22,8477970,V. Vanecek
2022-02-08,BOS,1,0,1,1,5,22.45,W,4,2,,regular_season,2021-22,8480280,J. Swayman
2022-02-10,OTT,0,1,1,1,6,20.266666666666666,W,2,0,,regular_season,2021-22,8476899,M. Murray
2022-02-13,NJD,0,2,2,2,4,21.133333333333333,W,4,2,,regular_season,2021-22,8476903,J. Gillies
2022-02-15,PHI,1,1,2,-1,2,20.733333333333334,W,5,4,,regular_season,2021-22,8479394,C. Hart
2022-02-17,TOR,0,0,0,-2,5,21.466666666666665,L,1,4,,regular_season,2021-22,8475789,J. Campbell
2022-02-20,CAR,1,0,1,0,3,22.766666666666666,L,3,4,,regular_season,2021-22,8477293,A. Raanta
2022-02-24,NJD,0,1,1,0,3,19.3,L,1,6,,regular_season,2021-22,8482076,N. Daws
2022-02-26,NYR,0,1,1,0,3,19.3,W,1,0,,regular_season,2021-22,8478048,I. Shesterkin
2022-02-27,CBJ,1,0,1,1,2,20.75,W,3,2,,regular_season,2021-22,8478007,E. Merzlikins
2022-03-03,TBL,1,1,2,0,2,19.566666666666666,W,5,1,,regular_season,2021-22,8476883,A. Vasilevskiy
2022-03-04,CAR,1,1,2,2,2,19.466666666666665,L,2,3,,regular_season,2021-22,8477293,A. Raanta
2022-03-08,FLA,1,1,2,1,2,21.816666666666666,L,3,4,,regular_season,2021-22,8475683,S. Bobrovsky
2022-03-11,VGK,0,1,1,-1,4,19.733333333333334,W,5,2,,regular_season,2021-22,8476316,L. Brossoit
2022-03-13,CAR,1,0,1,1,1,18.35,W,4,2,,regular_season,2021-22,8477293,A. Raanta
2022-03-15,NSH,0,1,1,-1,3,21.016666666666666,L,1,4,,regular_season,2021-22,8477424,J. Saros
2022-03-17,STL,0,0,0,-1,6,21.05,W,3,2,,regular_season,2021-22,8478024,V. Husso
2022-03-19,ARI,2,0,2,1,6,20.016666666666666,W,4,1,,regular_season,2021-22,8475809,S. Wedgewood
2022-03-22,CBJ,0,3,3,2,1,18.366666666666667,W,5,1,,regular_season,2021-22,8476914,J. Korpisalo
2022-03-23,BUF,1,1,2,-1,3,20.883333333333333,L,3,4,,regular_season,2021-22,8467950,C. Anderson
2022-03-25,NYR,0,0,0,-2,2,19.583333333333332,L,1,5,,regular_season,2021-22,8478048,I. Shesterkin
2022-03-27,DET,1,2,3,1,3,13.916666666666666,W,11,2,,regular_season,2021-22,8477968,A. Nedeljkovic
2022-03-29,NYR,1,0,1,0,3,19.683333333333334,L,2,3,,regular_season,2021-22,8478048,I. Shesterkin
2022-03-31,MIN,0,1,1,1,3,21.866666666666667,W,4,3,,regular_season,2021-22,8475660,C. Talbot
2022-04-02,COL,1,0,1,1,4,20.066666666666666,L,2,3,,regular_season,2021-22,8475311,D. Kuemper
2022-04-05,COL,0,0,0,-1,1,21.066666666666666,L,4,6,,regular_season,2021-22,8475311,D. Kuemper
2022-04-09,WSH,0,0,0,-3,2,22.1,L,3,6,,regular_season,2021-22,8478492,I. Samsonov
2022-04-10,NSH,2,1,3,3,5,20.583333333333332,W,3,2,,regular_season,2021-22,8479496,D. Rittich
2022-04-12,NYI,0,2,2,1,3,24.366666666666667,L,4,5,,regular_season,2021-22,8478009,I. Sorokin
2022-04-14,NYI,1,2,3,4,3,22.35,W,6,3,,regular_season,2021-22,8478009,I. Sorokin
2022-04-16,BOS,0,0,0,0,4,22.916666666666668,L,1,2,,regular_season,2021-22,8480280,J. Swayman
2022-04-21,BOS,0,1,1,1,4,18.583333333333332,W,4,0,,regular_season,2021-22,8480280,J. Swayman
2022-04-23,DET,1,1,2,1,3,17.216666666666665,W,7,2,,regular_season,2021-22,8471306,T. Greiss
2022-04-24,PHI,1,0,1,0,4,18.533333333333335,L,1,4,,regular_season,2021-22,8474889,M. Jones
2022-04-26,EDM,0,0,0,-1,5,22.183333333333334,L,1,5,,regular_season,2021-22,8469608,M. Smith
2022-04-29,CBJ,0,0,0,0,1,17.45,W,5,3,,regular_season,2021-22,8475234,J. Berube
2022-05-03,NYR,0,2,2,0,7,34.81666666666667,W,4,3,1.0,first_round,2021-22,8478048,I. Shesterkin
2022-05-05,NYR,1,1,2,-1,6,19.816666666666666,L,2,5,2.0,first_round,2021-22,8478048,I. Shesterkin
2022-05-07,NYR,0,2,2,1,3,19.716666666666665,W,7,4,3.0,first_round,2021-22,8478048,I. Shesterkin
2022-05-09,NYR,1,2,3,1,2,17.483333333333334,W,7,2,4.0,first_round,2021-22,8478048,I. Shesterkin
2022-05-11,NYR,0,0,0,1,0,10.816666666666666,L,3,5,5.0,first_round,2021-22,8478048,I. Shesterkin
2022-05-15,NYR,0,1,1,0,4,19.9,L,3,4,7.0,first_round,2021-22,8478048,I. Shesterkin
2022-10-13,ARI,1,2,3,1,7,18.366666666666667,W,6,2,,regular_season,2022-23,8478872,K. Vejmelka
2022-10-15,TBL,1,2,3,2,2,19.283333333333335,W,6,2,,regular_season,2022-23,8470880,B. Elliott
2022-10-17,MTL,0,0,0,-2,1,18.966666666666665,L,2,3,,regular_season,2022-23,8478470,S. Montembeault
2022-10-20,LAK,0,1,1,2,3,16.833333333333332,W,6,1,,regular_season,2022-23,8477361,C. Petersen
2022-10-22,CBJ,1,2,3,1,5,20.816666666666666,W,6,3,,regular_season,2022-23,8478007,E. Merzlikins
2022-10-24,EDM,1,0,1,0,3,19.2,L,3,6,,regular_season,2022-23,8475789,J. Campbell
2022-10-25,CGY,0,0,0,0,3,20.5,L,1,4,,regular_season,2022-23,8474593,J. Markstrom
2022-10-28,VAN,0,0,0,-2,3,23.4,L,1,5,,regular_season,2022-23,8477484,S. Martin
2022-10-29,SEA,0,0,0,0,4,22.55,L,1,3,,regular_season,2022-23,8474889,M. Jones
2022-11-01,BOS,1,0,1,1,3,25.066666666666666,L,5,6,,regular_season,2022-23,8476999,L. Ullmark
2022-11-02,BUF,0,0,0,-4,2,17.8,L,3,6,,regular_season,2022-23,8477480,E. Comrie
2022-11-05,SEA,1,1,2,0,2,20.05,L,2,3,,regular_season,2022-23,8474889,M. Jones
2022-11-09,WSH,0,1,1,2,2,20.7,W,4,1,,regular_season,2022-23,8475311,D. Kuemper
2022-11-11,TOR,0,1,1,0,0,19.833333333333332,W,4,2,,regular_season,2022-23,8478902,E. Kallgren
2022-11-12,MTL,0,0,0,-2,1,21.416666666666668,L,4,5,,regular_season,2022-23,8474596,J. Allen
2022-11-15,TOR,1,0,1,-4,2,20.533333333333335,L,2,5,,regular_season,2022-23,8476899,M. Murray
2022-11-17,MIN,2,2,4,0,3,18.616666666666667,W,6,4,,regular_season,2022-23,8479406,F. Gustavsson
2022-11-19,WPG,0,2,2,2,2,19.066666666666666,W,3,0,,regular_season,2022-23,8476945,C. Hellebuyck
2022-11-20,CHI,1,3,4,2,2,17.55,W,5,3,,regular_season,2022-23,8482821,A. Soderblom
2022-11-23,CGY,0,0,0,0,1,22.183333333333334,W,2,1,,regular_season,2022-23,8478435,D. Vladar
2022-11-25,PHI,1,0,1,1,5,15.533333333333333,W,4,1,,regular_season,2022-23,8479394,C. Hart
2022-11-26,TOR,0,1,1,0,2,16.566666666666666,L,1,4,,regular_season,2022-23,8478902,E. Kallgren
2022-11-29,CAR,1,1,2,1,4,21.3,L,2,3,,regular_season,2022-23,8481611,P. Kochetkov
2022-12-01,VGK,0,1,1,1,3,19.616666666666667,W,4,3,,regular_season,2022-23,8480313,L. Thompson
2022-12-03,STL,1,0,1,1,8,21.45,W,6,2,,regular_season,2022-23,8476412,J. Binnington
2022-12-06,CBJ,2,0,2,1,4,20.716666666666665,W,4,1,,regular_season,2022-23,8478007,E. Merzlikins
2022-12-09,BUF,0,0,0,0,2,21.633333333333333,W,4,3,,regular_season,2022-23,8467950,C. Anderson
2022-12-10,BUF,2,1,3,2,4,18.8,W,3,1,,regular_season,2022-23,8480045,U. Luukkonen
2022-12-12,DAL,0,0,0,-1,2,19.0,W,2,1,,regular_season,2022-23,8479979,J. Oettinger
2022-12-15,FLA,0,2,2,0,5,19.15,W,4,2,,regular_season,2022-23,8475683,S. Bobrovsky
2022-12-18,CAR,0,0,0,-1,3,21.633333333333333,L,2,3,,regular_season,2022-23,8481611,P. Kochetkov
2022-12-20,NYR,1,1,2,0,1,19.016666666666666,W,3,2,,regular_season,2022-23,8478048,I. Shesterkin
2022-12-22,CAR,1,0,1,0,3,20.05,L,3,4,,regular_season,2022-23,8477293,A. Raanta
2022-12-27,NYI,0,0,0,-1,2,18.233333333333334,L,1,5,,regular_season,2022-23,8478009,I. Sorokin
2022-12-28,DET,0,0,0,-3,2,20.783333333333335,L,4,5,,regular_season,2022-23,8478024,V. Husso
2022-12-30,NJD,0,0,0,-2,1,25.416666666666668,L,2,4,,regular_season,2022-23,8477970,V. Vanecek
2023-01-02,BOS,0,0,0,0,2,23.85,L,1,2,,regular_season,2022-23,8476999,L. Ullmark
2023-01-05,VGK,1,1,2,1,4,19.9,L,2,5,,regular_season,2022-23,8478499,A. Hill
2023-01-08,ARI,0,2,2,2,2,21.383333333333333,W,4,1,,regular_season,2022-23,8478872,K. Vejmelka
2023-01-10,VAN,1,0,1,0,2,22.066666666666666,W,5,4,,regular_season,2022-23,8477484,S. Martin
2023-01-13,WPG,0,0,0,0,0,18.183333333333334,L,1,4,,regular_season,2022-23,8479496,D. Rittich
2023-01-14,CAR,0,0,0,0,4,21.566666666666666,L,1,2,,regular_season,2022-23,8475883,F. Andersen
2023-01-16,ANA,0,1,1,2,2,20.516666666666666,W,4,3,,regular_season,2022-23,8476434,J. Gibson
2023-01-18,OTT,0,3,3,0,0,19.666666666666668,L,4,5,,regular_season,2022-23,8475660,C. Talbot
2023-01-20,OTT,0,1,1,1,4,17.766666666666666,W,4,1,,regular_season,2022-23,8475660,C. Talbot
2023-01-22,NJD,1,0,1,1,3,18.2,L,1,2,,regular_season,2022-23,8477970,V. Vanecek
2023-01-24,FLA,1,2,3,0,4,20.833333333333332,W,7,6,,regular_season,2022-23,8479312,A. Lyon
2023-01-26,WSH,0,1,1,1,5,21.066666666666666,L,2,3,,regular_season,2022-23,8475311,D. Kuemper
2023-01-28,SJS,1,1,2,-2,3,21.85,L,4,6,,regular_season,2022-23,8478039,K. Kahkonen
2023-02-07,COL,0,1,1,1,2,20.183333333333334,W,2,1,,regular_season,2022-23,8480925,P. Francouz
2023-02-10,ANA,0,1,1,1,7,21.733333333333334,W,6,3,,regular_season,2022-23,8476434,J. Gibson
2023-02-11,LAK,0,0,0,0,1,14.933333333333334,L,0,6,,regular_season,2022-23,8477831,P. Copley
2023-02-14,SJS,0,3,3,2,2,19.616666666666667,W,3,1,,regular_season,2022-23,8477180,A. Dell
2023-02-17,NYI,1,1,2,1,4,19.066666666666666,L,4,5,,regular_season,2022-23,8478009,I. Sorokin
2023-02-18,NJD,0,0,0,-3,5,22.1,L,2,5,,regular_season,2022-23,8477970,V. Vanecek
2023-02-20,NYI,0,1,1,0,4,20.45,L,2,4,,regular_season,2022-23,8478009,I. Sorokin
2023-02-23,EDM,0,1,1,-1,2,18.766666666666666,L,2,7,,regular_season,2022-23,8479973,S. Skinner
2023-02-25,STL,0,0,0,0,4,18.7,W,3,2,,regular_season,2022-23,8476412,J. Binnington
2023-02-26,TBL,1,1,2,0,1,17.75,W,7,3,,regular_season,2022-23,8470880,B. Elliott
2023-02-28,NSH,1,0,1,2,4,20.95,W,3,1,,regular_season,2022-23,8477424,J. Saros
2023-03-02,TBL,0,1,1,0,2,20.783333333333335,W,5,4,,regular_season,2022-23,8476883,A. Vasilevskiy
2023-03-04,FLA,0,0,0,-1,5,19.216666666666665,L,1,4,,regular_season,2022-23,8475683,S. Bobrovsky
2023-03-07,CBJ,1,2,3,1,4,23.833333333333332,W,5,4,,regular_season,2022-23,8478007,E. Merzlikins
2023-03-09,NYI,0,1,1,0,4,20.25,L,3,4,,regular_season,2022-23,8478009,I. Sorokin
2023-03-11,PHI,1,0,1,1,5,18.7,W,5,1,,regular_season,2022-23,8479394,C. Hart
2023-03-12,NYR,0,2,2,0,8,19.483333333333334,W,3,2,,regular_season,2022-23,8470860,J. Halak
2023-03-14,MTL,0,1,1,-2,1,21.25,L,4,6,,regular_season,2022-23,8478470,S. Montembeault
2023-03-16,NYR,0,2,2,-1,3,18.116666666666667,L,2,4,,regular_season,2022-23,8478048,I. Shesterkin
2023-03-18,NYR,0,0,0,-2,0,18.45,L,0,6,,regular_season,2022-23,8478048,I. Shesterkin
2023-03-20,OTT,0,0,0,0,2,22.283333333333335,L,1,2,,regular_season,2022-23,8480263,D. Ferguson
2023-03-22,COL,1,0,1,1,5,19.833333333333332,W,5,2,,regular_season,2022-23,8480382,A. Georgiev
2023-03-23,DAL,1,0,1,1,7,19.166666666666668,L,2,3,,regular_season,2022-23,8479979,J. Oettinger
2023-03-25,WSH,0,0,0,0,4,22.616666666666667,W,4,3,,regular_season,2022-23,8475311,D. Kuemper
2023-03-28,DET,0,0,0,-1,2,23.516666666666666,L,4,7,,regular_season,2022-23,8477968,A. Nedeljkovic
2023-03-30,NSH,0,0,0,0,9,20.883333333333333,W,2,0,,regular_season,2022-23,8477424,J. Saros
2023-04-01,BOS,0,1,1,3,2,22.233333333333334,L,3,4,,regular_season,2022-23,8480280,J. Swayman
2023-04-02,PHI,0,2,2,1,3,21.433333333333334,W,4,2,,regular_season,2022-23,8481035,S. Ersson
2023-04-04,NJD,0,0,0,-1,3,18.45,L,1,5,,regular_season,2022-23,8477970,V. Vanecek
2023-04-06,MIN,0,0,0,1,0,17.983333333333334,W,4,1,,regular_season,2022-23,8470594,M. Fleury
2023-04-08,DET,2,1,3,2,4,19.216666666666665,W,5,1,,regular_season,2022-23,8478024,V. Husso
2023-04-11,CHI,0,0,0,-2,8,23.15,L,2,5,,regular_season,2022-23,8475852,P. Mrazek
2023-04-13,CBJ,0,2,2,0,1,18.183333333333334,L,2,3,,regular_season,2022-23,8474636,M. Hutchinson
2023-10-10,CHI,1,0,1,-2,4,18.466666666666665,L,2,4,,regular_season,2023-24,8475852,P. Mrazek
2023-10-13,WSH,2,0,2,0,5,17.716666666666665,W,4,0,,regular_season,2023-24,8479292,C. Lindgren
2023-10-14,CGY,0,1,1,2,3,18.066666666666666,W,5,2,,regular_season,2023-24,8474593,J. Markstrom
2023-10-18,DET,0,1,1,1,3,21.5,L,3,6,,regular_season,2023-24,8478024,V. Husso
2023-10-21,STL,0,0,0,-2,3,19.95,L,2,4,,regular_season,2023-24,8476412,J. Binnington
2023-10-24,DAL,0,1,1,0,3,19.166666666666668,L,1,4,,regular_season,2023-24,8479979,J. Oettinger
2023-10-26,COL,1,0,1,1,4,15.133333333333333,W,4,0,,regular_season,2023-24,8480382,A. Georgiev
2023-10-28,OTT,1,1,2,0,3,18.6,L,2,5,,regular_season,2023-24,8476914,J. Korpisalo
2023-10-30,ANA,0,1,1,-2,11,23.083333333333332,L,3,4,,regular_season,2023-24,8476434,J. Gibson
2023-11-04,SJS,0,1,1,4,1,16.15,W,10,2,,regular_season,2023-24,8478406,M. Blackwood
2023-11-07,ANA,1,0,1,1,4,18.6,W,2,0,,regular_season,2023-24,8476434,J. Gibson
2023-11-09,LAK,1,1,2,1,3,19.783333333333335,W,4,3,,regular_season,2023-24,8477831,P. Copley
2023-11-11,BUF,0,1,1,1,4,19.566666666666666,W,4,0,,regular_season,2023-24,8480045,U. Luukkonen
2023-11-14,CBJ,3,1,4,3,3,17.5,W,5,3,,regular_season,2023-24,8478007,E. Merzlikins
2023-11-16,NJD,0,1,1,1,3,19.866666666666667,L,2,5,,regular_season,2023-24,8477970,V. Vanecek
2023-11-18,CAR,2,0,2,1,2,17.933333333333334,L,2,4,,regular_season,2023-24,8477293,A. Raanta
2023-11-19,VGK,0,0,0,1,4,17.366666666666667,W,3,0,,regular_season,2023-24,8478499,A. Hill
2023-11-22,NYR,0,0,0,0,4,21.316666666666666,L,0,1,,regular_season,2023-24,8471734,J. Quick
2023-11-24,BUF,1,0,1,0,5,19.233333333333334,L,2,3,,regular_season,2023-24,8480045,U. Luukkonen
2023-11-25,TOR,0,1,1,0,5,21.433333333333334,W,3,2,,regular_season,2023-24,8479361,J. Woll
2023-11-28,NSH,0,0,0,0,3,20.283333333333335,L,2,3,,regular_season,2023-24,8477424,J. Saros
2023-11-30,TBL,1,0,1,1,5,19.316666666666666,W,4,2,,regular_season,2023-24,8476883,A. Vasilevskiy
2023-12-02,PHI,0,0,0,1,2,25.483333333333334,L,3,4,,regular_season,2023-24,8481035,S. Ersson
2023-12-04,PHI,1,0,1,-1,4,22.516666666666666,L,1,2,,regular_season,2023-24,8479394,C. Hart
2023-12-06,TBL,0,1,1,0,4,23.416666666666668,L,1,3,,regular_season,2023-24,8476883,A. Vasilevskiy
2023-12-08,FLA,0,0,0,-1,4,21.033333333333335,L,1,3,,regular_season,2023-24,8475683,S. Bobrovsky
2023-12-12,ARI,0,1,1,1,4,19.1,W,4,2,,regular_season,2023-24,8478971,C. Ingram
2023-12-13,MTL,2,1,3,0,2,22.1,W,4,3,,regular_season,2023-24,8478470,S. Montembeault
2023-12-16,TOR,0,0,0,-3,5,18.85,L,0,7,,regular_season,2023-24,8474889,M. Jones
2023-12-18,MIN,1,1,2,-2,4,22.066666666666666,W,4,3,,regular_season,2023-24,8479406,F. Gustavsson
2023-12-21,CAR,1,0,1,1,4,22.616666666666667,W,2,1,,regular_season,2023-24,8481611,P. Kochetkov
2023-12-23,OTT,0,1,1,1,2,21.583333333333332,L,4,5,,regular_season,2023-24,8476341,A. Forsberg
2023-12-27,NYI,0,0,0,2,0,18.783333333333335,W,7,0,,regular_season,2023-24,8478009,I. Sorokin
2023-12-30,STL,1,0,1,1,2,20.366666666666667,W,4,2,,regular_season,2023-24,8480981,J. Hofer
2023-12-31,NYI,0,0,0,0,3,18.166666666666668,W,3,1,,regular_season,2023-24,8478009,I. Sorokin
2024-01-02,WSH,1,1,2,2,1,22.4,L,3,4,,regular_season,2023-24,8475311,D. Kuemper
2024-01-04,BOS,1,2,3,1,3,18.65,W,6,5,,regular_season,2023-24,8480280,J. Swayman
2024-01-06,BUF,0,0,0,-1,2,20.766666666666666,L,1,3,,regular_season,2023-24,8480045,U. Luukkonen
2024-01-08,PHI,0,0,0,0,6,20.866666666666667,W,4,1,,regular_season,2023-24,8479394,C. Hart
2024-01-11,VAN,2,0,2,1,5,25.5,L,3,4,,regular_season,2023-24,8477967,T. Demko
2024-01-13,CAR,0,1,1,2,6,24.066666666666666,L,2,3,,regular_season,2023-24,8477293,A. Raanta
2024-01-15,SEA,2,0,2,2,4,19.6,W,3,0,,regular_season,2023-24,8478916,J. Daccord
2024-01-20,VGK,0,1,1,-1,3,19.866666666666667,L,2,3,,regular_season,2023-24,8480313,L. Thompson
2024-01-22,ARI,1,0,1,0,6,20.733333333333334,L,2,5,,regular_season,2023-24,8478971,C. Ingram
2024-01-26,FLA,0,1,1,1,5,25.533333333333335,L,2,3,,regular_season,2023-24,8475683,S. Bobrovsky
2024-01-27,MTL,0,1,1,0,1,20.1,W,3,2,,regular_season,2023-24,8474596,J. Allen
2024-02-06,WPG,0,1,1,0,2,19.083333333333332,W,3,0,,regular_season,2023-24,8476945,C. Hellebuyck
2024-02-09,MIN,1,0,1,-2,5,20.25,L,2,3,,regular_season,2023-24,8470594,M. Fleury
2024-02-10,WPG,0,0,0,0,1,19.65,L,1,2,,regular_season,2023-24,8476945,C. Hellebuyck
2024-02-14,FLA,0,0,0,-1,3,22.383333333333333,L,2,5,,regular_season,2023-24,8475683,S. Bobrovsky
2024-02-15,CHI,2,0,2,3,3,18.033333333333335,W,4,1,,regular_season,2023-24,8482821,A. Soderblom
2024-02-18,LAK,1,0,1,-1,2,21.383333333333333,L,1,2,,regular_season,2023-24,8475660,C. Talbot
2024-02-20,NYI,0,0,0,-2,7,21.666666666666668,L,4,5,,regular_season,2023-24,8478009,I. Sorokin
2024-02-22,MTL,0,1,1,0,2,17.116666666666667,W,4,1,,regular_season,2023-24,8480051,C. Primeau
2024-02-25,PHI,1,3,4,2,4,18.666666666666668,W,7,6,,regular_season,2023-24,8477361,C. Petersen
2024-02-27,VAN,0,2,2,-1,5,19.783333333333335,W,4,3,,regular_season,2023-24,8477967,T. Demko
2024-02-29,SEA,0,0,0,0,5,21.55,L,0,2,,regular_season,2023-24,8475831,P. Grubauer
2024-03-02,CGY,0,1,1,-1,4,18.383333333333333,L,3,4,,regular_season,2023-24,8474593,J. Markstrom
2024-03-03,EDM,0,0,0,-3,3,16.866666666666667,L,1,6,,regular_season,2023-24,8475717,C. Pickard
2024-03-05,CBJ,0,0,0,-1,2,21.516666666666666,W,5,3,,regular_season,2023-24,8482982,J. Greaves
2024-03-07,WSH,0,0,0,-3,8,18.766666666666666,L,0,6,,regular_season,2023-24,8479292,C. Lindgren
2024-03-09,BOS,0,1,1,-1,0,17.966666666666665,L,1,5,,regular_season,2023-24,8476999,L. Ullmark
2024-03-10,EDM,0,0,0,-3,2,19.25,L,0,4,,regular_season,2023-24,8475717,C. Pickard
2024-03-12,OTT,0,0,0,0,3,20.65,L,1,2,,regular_season,2023-24,8476914,J. Korpisalo
2024-03-14,SJS,0,1,1,0,3,18.716666666666665,W,6,3,,regular_season,2023-24,8480992,M. Chrona
2024-03-16,NYR,0,1,1,-1,1,21.8,L,4,7,,regular_season,2023-24,8471734,J. Quick
2024-03-17,DET,1,1,2,1,3,19.15,W,6,3,,regular_season,2023-24,8479312,A. Lyon
2024-03-19,NJD,0,1,1,0,5,21.516666666666666,L,2,5,,regular_season,2023-24,8474596,J. Allen
2024-03-22,DAL,0,0,0,-1,0,20.733333333333334,L,2,4,,regular_season,2023-24,8479979,J. Oettinger
2024-03-24,COL,1,3,4,0,5,20.166666666666668,L,4,5,,regular_season,2023-24,8480382,A. Georgiev
2024-03-26,CAR,1,2,3,3,2,19.833333333333332,W,4,1,,regular_season,2023-24,8481611,P. Kochetkov
2024-03-28,CBJ,0,2,2,-1,3,21.033333333333335,W,3,2,,regular_season,2023-24,8480193,D. Tarasov
2024-03-30,CBJ,0,1,1,-1,4,22.516666666666666,L,3,4,,regular_season,2023-24,8478007,E. Merzlikins
2024-04-01,NYR,2,1,3,3,3,19.65,W,5,2,,regular_season,2023-24,8478048,I. Shesterkin
2024-04-02,NJD,2,0,2,-1,2,16.15,W,6,3,,regular_season,2023-24,8474596,J. Allen
2024-04-04,WSH,0,0,0,1,0,18.833333333333332,W,4,1,,regular_season,2023-24,8479292,C. Lindgren
2024-04-06,TBL,1,0,1,1,2,18.55,W,5,4,,regular_season,2023-24,8476883,A. Vasilevskiy
2024-04-08,TOR,0,1,1,1,1,21.25,L,2,3,,regular_season,2023-24,8478492,I. Samsonov
2024-04-11,DET,1,2,3,0,5,19.583333333333332,W,6,5,,regular_season,2023-24,8479312,A. Lyon
2024-04-13,BOS,0,1,1,-1,1,19.8,L,4,6,,regular_season,2023-24,8476999,L. Ullmark
2024-04-15,NSH,1,1,2,-1,7,20.883333333333333,W,4,2,,regular_season,2023-24,8477424,J. Saros
2024-04-17,NYI,0,2,2,-1,3,19.783333333333335,L,4,5,,regular_season,2023-24,8478009,I. Sorokin
2024-10-09,NYR,0,0,0,-2,2,20.983333333333334,L,0,6,,regular_season,2024-25,8478048,I. Shesterkin
2024-10-10,DET,0,2,2,3,4,18.15,W,6,3,,regular_season,2024-25,8478024,V. Husso
2024-10-12,TOR,0,1,1,-2,3,21.0,L,2,4,,regular_season,2024-25,8476932,A. Stolarz
2024-10-14,MTL,0,0,0,0,0,19.55,W,6,3,,regular_season,2024-25,8478470,S. Montembeault
2024-10-16,BUF,1,2,3,0,3,22.033333333333335,W,6,5,,regular_season,2024-25,8480045,U. Luukkonen
2024-10-18,CAR,0,0,0,0,0,20.216666666666665,L,1,4,,regular_season,2024-25,8475883,F. Andersen
2024-10-20,WPG,0,0,0,-3,5,20.366666666666667,L,3,6,,regular_season,2024-25,8477480,E. Comrie
2024-10-22,CGY,0,1,1,-1,5,21.383333333333333,L,3,4,,regular_season,2024-25,8481692,D. Wolf
2024-10-25,EDM,0,0,0,-1,1,18.45,L,0,4,,regular_season,2024-25,8479973,S. Skinner
2024-10-26,VAN,0,0,0,-1,1,18.766666666666666,L,3,4,,regular_season,2024-25,8480947,K. Lankinen
2024-10-29,MIN,0,3,3,1,3,20.733333333333334,L,3,5,,regular_season,2024-25,8470594,M. Fleury
2024-10-31,ANA,2,0,2,2,6,22.516666666666666,W,2,1,,regular_season,2024-25,8480843,L. Dostal
2024-11-02,MTL,2,0,2,1,3,20.033333333333335,W,3,1,,regular_season,2024-25,8478470,S. Montembeault
2024-11-05,NYI,1,0,1,0,5,21.816666666666666,L,3,4,,regular_season,2024-25,8478009,I. Sorokin
2024-11-07,CAR,0,0,0,-1,4,21.633333333333333,L,1,5,,regular_season,2024-25,8481611,P. Kochetkov
2024-11-08,WSH,0,1,1,0,3,20.283333333333335,W,4,2,,regular_season,2024-25,8479292,C. Lindgren
2024-11-11,DAL,0,0,0,-1,2,17.983333333333334,L,1,7,,regular_season,2024-25,8479979,J. Oettinger
2024-11-13,DET,0,1,1,1,6,21.85,L,2,3,,regular_season,2024-25,8475660,C. Talbot
2024-11-15,CBJ,0,1,1,-1,3,20.75,L,2,6,,regular_season,2024-25,8478007,E. Merzlikins
2024-11-16,SJS,1,0,1,0,6,21.683333333333334,W,4,3,,regular_season,2024-25,8477970,V. Vanecek
2024-11-19,TBL,0,1,1,-2,0,19.5,L,2,3,,regular_season,2024-25,8476883,A. Vasilevskiy
2024-11-22,WPG,0,0,0,-2,0,18.6,L,1,4,,regular_season,2024-25,8476945,C. Hellebuyck
2024-11-23,UTA,1,0,1,-2,7,18.733333333333334,L,1,6,,regular_season,2024-25,8478872,K. Vejmelka
2024-11-27,VAN,0,2,2,3,0,19.916666666666668,W,5,4,,regular_season,2024-25,8481668,A. Silovs
2024-11-29,BOS,0,1,1,1,3,19.666666666666668,W,2,1,,regular_season,2024-25,8480280,J. Swayman
2024-11-30,CGY,0,1,1,1,4,19.4,W,6,2,,regular_season,2024-25,8478435,D. Vladar
2024-12-03,FLA,0,1,1,1,1,20.95,W,5,4,,regular_season,2024-25,8481519,S. Knight
2024-12-06,NYR,0,0,0,-1,4,20.6,L,2,4,,regular_season,2024-25,8478048,I. Shesterkin
2024-12-07,TOR,0,1,1,0,3,19.55,W,5,2,,regular_season,2024-25,8479361,J. Woll
2024-12-10,COL,0,0,0,-1,2,18.666666666666668,L,2,6,,regular_season,2024-25,8475809,S. Wedgewood
2024-12-12,MTL,0,3,3,3,3,15.666666666666666,W,9,2,,regular_season,2024-25,8478470,S. Montembeault
2024-12-14,OTT,0,0,0,-2,4,19.916666666666668,L,2,3,,regular_season,2024-25,8476999,L. Ullmark
2024-12-17,LAK,0,1,1,-1,6,20.05,W,3,2,,regular_season,2024-25,8475311,D. Kuemper
2024-12-19,NSH,1,3,4,3,2,17.4,W,5,4,,regular_season,2024-25,8477424,J. Saros
2024-12-21,NJD,0,0,0,-2,1,19.366666666666667,L,0,3,,regular_season,2024-25,8474593,J. Markstrom
2024-12-23,PHI,1,3,4,1,2,18.716666666666665,W,7,3,,regular_season,2024-25,8481035,S. Ersson
2024-12-28,NYI,0,0,0,-3,3,21.433333333333334,L,3,6,,regular_season,2024-25,8478009,I. Sorokin
2024-12-29,NYI,0,1,1,-2,3,21.433333333333334,W,3,2,,regular_season,2024-25,8477405,M. Hogberg
2024-12-31,DET,0,1,1,-1,0,21.25,L,2,4,,regular_season,2024-25,8479312,A. Lyon
2025-01-03,FLA,1,0,1,-1,5,22.583333333333332,L,2,3,,regular_season,2024-25,8481519,S. Knight
2025-01-05,CAR,0,0,0,-1,3,20.583333333333332,L,3,4,,regular_season,2024-25,8474682,D. Tokarski
2025-01-07,CBJ,0,2,2,1,1,20.8,L,3,4,,regular_season,2024-25,8478007,E. Merzlikins
2025-01-09,EDM,1,2,3,1,4,21.333333333333332,W,5,3,,regular_season,2024-25,8479973,S. Skinner
2025-01-11,OTT,0,0,0,-1,2,21.416666666666668,L,0,5,,regular_season,2024-25,8482447,L. Meriläinen
2025-01-12,TBL,0,1,1,-2,6,25.7,L,2,5,,regular_season,2024-25,8477992,J. Johansson
2025-01-14,SEA,0,0,0,-3,0,20.383333333333333,L,2,4,,regular_season,2024-25,8478916,J. Daccord
2025-01-17,BUF,0,0,0,0,2,18.216666666666665,W,5,2,,regular_season,2024-25,8480045,U. Luukkonen
2025-01-18,WSH,0,1,1,-2,4,17.966666666666665,L,1,4,,regular_season,2024-25,8480313,L. Thompson
2025-01-20,LAK,1,1,2,2,2,17.9,W,5,1,,regular_season,2024-25,8479496,D. Rittich
2025-01-23,ANA,0,0,0,-2,0,21.933333333333334,L,1,5,,regular_season,2024-25,8476434,J. Gibson
2025-01-25,SEA,1,0,1,0,3,20.566666666666666,L,1,4,,regular_season,2024-25,8478916,J. Daccord
2025-01-27,SJS,1,0,1,0,2,23.333333333333332,L,1,2,,regular_season,2024-25,8482137,Y. Askarov
2025-01-29,UTA,1,1,2,2,1,22.75,W,3,2,,regular_season,2024-25,8478971,C. Ingram
2025-02-01,NSH,1,1,2,2,4,20.933333333333334,W,3,0,,regular_season,2024-25,8477424,J. Saros
2025-02-04,NJD,0,1,1,0,4,22.233333333333334,L,2,3,,regular_season,2024-25,8482076,N. Daws
2025-02-22,WSH,1,0,1,-2,2,19.983333333333334,L,3,8,,regular_season,2024-25,8480313,L. Thompson
2025-02-23,NYR,0,1,1,-2,5,23.133333333333333,L,3,5,,regular_season,2024-25,8478048,I. Shesterkin
2025-02-25,PHI,0,0,0,-2,2,19.433333333333334,L,1,6,,regular_season,2024-25,8481035,S. Ersson
2025-02-27,PHI,0,1,1,-1,3,20.833333333333332,W,5,4,,regular_season,2024-25,8481035,S. Ersson
2025-03-01,BOS,0,1,1,-1,2,21.566666666666666,L,2,3,,regular_season,2024-25,8476914,J. Korpisalo
2025-03-02,TOR,1,2,3,0,5,20.75,L,5,6,,regular_season,2024-25,8479361,J. Woll
2025-03-04,COL,0,1,1,-2,2,19.183333333333334,L,1,4,,regular_season,2024-25,8475809,S. Wedgewood
2025-03-07,VGK,0,0,0,-1,1,19.25,L,0,4,,regular_season,2024-25,8478492,I. Samsonov
2025-03-09,MIN,2,0,2,2,3,19.45,W,3,1,,regular_season,2024-25,8470594,M. Fleury
2025-03-11,VGK,2,0,2,0,4,23.7,W,3,2,,regular_season,2024-25,8478492,I. Samsonov
2025-03-13,STL,0,2,2,2,0,18.416666666666668,W,5,3,,regular_season,2024-25,8476412,J. Binnington
2025-03-15,NJD,0,1,1,1,1,19.516666666666666,W,7,3,,regular_season,2024-25,8474593,J. Markstrom
2025-03-18,NYI,1,0,1,-2,5,21.15,L,2,4,,regular_season,2024-25,8478009,I. Sorokin
2025-03-21,CBJ,1,1,2,3,3,18.166666666666668,W,6,3,,regular_season,2024-25,8478007,E. Merzlikins
2025-03-23,FLA,0,2,2,0,0,20.766666666666666,L,3,4,,regular_season,2024-25,8475683,S. Bobrovsky
2025-03-25,TBL,0,1,1,-2,2,19.683333333333334,L,1,6,,regular_season,2024-25,8476883,A. Vasilevskiy
2025-03-27,BUF,1,0,1,-1,2,22.916666666666668,L,3,7,,regular_season,2024-25,8473503,J. Reimer
2025-03-30,OTT,1,0,1,0,6,21.583333333333332,W,1,0,,regular_season,2024-25,8476341,A. Forsberg
2025-04-03,STL,0,1,1,1,2,21.133333333333333,L,4,5,,regular_season,2024-25,8480981,J. Hofer
2025-04-05,DAL,3,1,4,3,5,19.483333333333334,W,5,3,,regular_season,2024-25,8479193,C. DeSmith
2025-04-06,CHI,0,0,0,-3,2,19.716666666666665,L,1,3,,regular_season,2024-25,8481519,S. Knight
2025-04-08,CHI,1,0,1,1,6,19.116666666666667,W,5,0,,regular_season,2024-25,8481519,S. Knight
2025-04-11,NJD,1,1,2,0,4,21.566666666666666,W,4,2,,regular_season,2024-25,8474596,J. Allen
2025-04-13,BOS,0,0,0,-1,1,21.983333333333334,L,1,4,,regular_season,2024-25,8476914,J. Korpisalo
2025-04-17,WSH,1,1,2,2,3,17.85,W,5,2,,regular_season,2024-25,8483532,C. Stevenson
2025-10-07,NYR,0,0,0,0,2,17.816666666666666,W,3,0,,regular_season,2025-26,8478048,I. Shesterkin
2025-10-09,NYI,1,1,2,-1,1,19.5,W,4,3,,regular_season,2025-26,8478009,I. Sorokin
2025-10-11,NYR,0,0,0,-3,1,18.65,L,1,6,,regular_season,2025-26,8478048,I. Shesterkin
2025-10-14,ANA,0,2,2,2,3,17.183333333333334,L,3,4,,regular_season,2025-26,8480843,L. Dostal
2025-10-16,LAK,1,0,1,1,1,17.25,W,4,2,,regular_season,2025-26,8476341,A. Forsberg
2025-10-18,SJS,1,1,2,2,1,19.066666666666666,W,3,0,,regular_season,2025-26,8477968,A. Nedeljkovic
2025-10-21,VAN,1,0,1,1,1,17.3,W,5,1,,regular_season,2025-26,8480947,K. Lankinen
2025-10-23,FLA,2,1,3,0,2,19.1,W,5,3,,regular_season,2025-26,8475683,S. Bobrovsky
2025-10-25,CBJ,0,0,0,-1,3,24.533333333333335,L,4,5,,regular_season,2025-26,8478007,E. Merzlikins
2025-10-27,STL,1,2,3,3,3,18.033333333333335,W,6,3,,regular_season,2025-26,8480981,J. Hofer
2025-10-28,PHI,1,0,1,1,4,23.25,L,2,3,,regular_season,2025-26,8481035,S. Ersson
2025-10-30,MIN,0,0,0,1,2,13.583333333333334,W,4,1,,regular_season,2025-26,8479406,F. Gustavsson
2025-11-01,WPG,1,0,1,-2,3,18.666666666666668,L,2,5,,regular_season,2025-26,8477480,E. Comrie
2025-11-03,TOR,0,1,1,-2,2,23.716666666666665,L,3,4,,regular_season,2025-26,8476932,A. Stolarz
2025-11-06,WSH,2,0,2,-2,6,22.05,W,5,3,,regular_season,2025-26,8479292,C. Lindgren
2025-11-08,NJD,0,1,1,1,3,19.916666666666668,L,1,2,,regular_season,2025-26,8474596,J. Allen
2025-11-09,LAK,0,0,0,-1,1,20.65,L,2,3,,regular_season,2025-26,8475311,D. Kuemper
2025-11-14,NSH,0,0,0,-1,1,20.166666666666668,L,1,2,,regular_season,2025-26,8477424,J. Saros
2025-11-16,NSH,1,0,1,1,2,15.516666666666667,W,4,0,,regular_season,2025-26,8477424,J. Saros
2025-11-21,MIN,0,0,0,-3,3,14.966666666666667,L,0,5,,regular_season,2025-26,8479406,F. Gustavsson
2025-11-22,SEA,1,1,2,0,1,21.433333333333334,L,2,3,,regular_season,2025-26,8475831,P. Grubauer
2025-11-26,BUF,0,0,0,1,4,18.766666666666666,W,4,2,,regular_season,2025-26,8480045,U. Luukkonen
2025-11-28,CBJ,2,0,2,1,3,19.166666666666668,W,4,3,,regular_season,2025-26,8482982,J. Greaves
2025-11-29,TOR,1,1,2,-1,4,15.9,L,2,7,,regular_season,2025-26,8483710,D. Hildeby
2025-12-01,PHI,2,0,2,2,5,18.216666666666665,W,5,1,,regular_season,2025-26,8478435,D. Vladar
2025-12-04,TBL,0,0,0,-1,1,21.5,W,4,3,,regular_season,2025-26,8477992,J. Johansson
2025-12-07,DAL,0,1,1,1,1,22.333333333333332,L,2,3,,regular_season,2025-26,8479979,J. Oettinger
2025-12-09,ANA,0,1,1,-2,0,22.9,L,3,4,,regular_season,2025-26,8478024,V. Husso
2025-12-11,MTL,0,1,1,0,7,24.483333333333334,L,2,4,,regular_season,2025-26,8484170,J. Fowler
2025-12-13,SJS,1,1,2,-3,5,22.45,L,5,6,,regular_season,2025-26,8482137,Y. Askarov
2025-12-14,UTA,0,0,0,0,0,18.966666666666665,L,4,5,,regular_season,2025-26,8478872,K. Vejmelka
2025-12-16,EDM,0,1,1,-1,2,24.116666666666667,L,4,6,,regular_season,2025-26,8477465,T. Jarry
2025-12-18,OTT,0,0,0,0,1,18.133333333333333,L,0,4,,regular_season,2025-26,8476999,L. Ullmark
2025-12-20,MTL,0,0,0,-2,3,21.15,L,0,4,,regular_season,2025-26,8484170,J. Fowler
2025-12-21,MTL,1,1,2,1,2,20.883333333333333,W,4,3,,regular_season,2025-26,8482487,J. Dobes
2025-12-23,TOR,0,1,1,-2,2,18.35,L,3,6,,regular_season,2025-26,8479361,J. Woll
2025-12-28,CHI,0,1,1,2,2,17.616666666666667,W,7,3,,regular_season,2025-26,8481519,S. Knight
2025-12-30,CAR,1,0,1,2,3,18.366666666666667,W,5,1,,regular_season,2025-26,8475883,F. Andersen
2026-01-01,DET,2,1,3,2,4,18.45,W,4,3,,regular_season,2025-26,8475660,C. Talbot
2026-01-03,DET,0,2,2,2,1,18.283333333333335,W,4,1,,regular_season,2025-26,8476434,J. Gibson
2026-01-04,CBJ,1,1,2,1,3,24.566666666666666,W,5,4,,regular_season,2025-26,8482982,J. Greaves
2026-01-08,NJD,0,2,2,1,1,17.55,W,4,1,,regular_season,2025-26,8474596,J. Allen
2026-01-10,CGY,0,0,0,-1,3,22.05,L,1,2,,regular_season,2025-26,8482445,D. Cooley
2026-01-11,BOS,0,0,0,0,3,20.466666666666665,L,0,1,,regular_season,2025-26,8476914,J. Korpisalo
2026-01-13,TBL,0,0,0,0,1,22.616666666666667,L,1,2,,regular_season,2025-26,8476883,A. Vasilevskiy
2026-01-15,PHI,1,1,2,-1,3,18.75,W,6,3,,regular_season,2025-26,8481035,S. Ersson
2026-01-17,CBJ,1,1,2,1,3,21.95,L,3,4,,regular_season,2025-26,8478007,E. Merzlikins
2026-01-19,SEA,0,2,2,2,2,18.066666666666666,W,6,3,,regular_season,2025-26,8478916,J. Daccord
2026-01-21,CGY,0,1,1,0,1,16.383333333333333,W,4,1,,regular_season,2025-26,8481692,D. Wolf
2026-01-22,EDM,1,0,1,2,2,17.05,W,6,2,,regular_season,2025-26,8477465,T. Jarry
2026-01-25,VAN,0,0,0,-1,0,16.716666666666665,W,3,2,,regular_season,2025-26,8480947,K. Lankinen
2026-01-29,CHI,0,0,0,-1,2,19.3,W,6,2,,regular_season,2025-26,8482821,A. Soderblom
2026-01-31,NYR,0,1,1,-1,3,21.083333333333332,W,6,5,,regular_season,2025-26,8471734,J. Quick
2026-02-02,OTT,0,0,0,-1,0,19.583333333333332,L,2,3,,regular_season,2025-26,8476999,L. Ullmark
2026-02-03,NYI,0,1,1,0,3,18.283333333333335,L,4,5,,regular_season,2025-26,8478009,I. Sorokin
2026-02-05,BUF,0,0,0,1,6,20.083333333333332,W,5,2,,regular_season,2025-26,8479312,A. Lyon
2026-03-18,CAR,1,1,2,0,4,18.55,L,5,6,,regular_season,2025-26,8475883,F. Andersen
2026-03-21,WPG,0,1,1,-1,1,20.783333333333335,W,5,4,,regular_season,2025-26,8476945,C. Hellebuyck
2026-03-22,CAR,0,1,1,0,2,19.216666666666665,L,1,5,,regular_season,2025-26,8475883,F. Andersen
2026-03-24,COL,0,1,1,-3,6,21.183333333333334,L,2,6,,regular_season,2025-26,8475809,S. Wedgewood
2026-03-26,OTT,0,0,0,1,1,6.65,W,4,3,,regular_season,2025-26,8476999,L. Ullmark
2026-03-30,NYI,0,2,2,1,3,16.8,W,8,3,,regular_season,2025-26,8478009,I. Sorokin
2026-03-31,DET,0,1,1,1,1,18.166666666666668,W,5,1,,regular_season,2025-26,8476434,J. Gibson
2026-04-02,TBL,0,0,0,-2,0,19.716666666666665,L,3,6,,regular_season,2025-26,8476883,A. Vasilevskiy
2026-04-04,FLA,0,2,2,0,0,17.533333333333335,W,9,4,,regular_season,2025-26,8475683,S. Bobrovsky
2026-04-05,FLA,1,2,3,2,4,17.566666666666666,W,5,2,,regular_season,2025-26,8480193,D. Tarasov
2026-04-09,NJD,0,2,2,2,4,14.716666666666667,W,5,2,,regular_season,2025-26,8474596,J. Allen
2026-04-12,WSH,0,0,0,-2,2,19.933333333333334,L,0,3,,regular_season,2025-26,8480313,L. Thompson
2026-04-18,PHI,0,0,0,-1,3,19.6,L,2,3,1.0,first_round,2025-26,8478435,D. Vladar
2026-04-20,PHI,0,0,0,-1,4,20.85,L,0,3,2.0,first_round,2025-26,8478435,D. Vladar
2026-04-22,PHI,0,1,1,-1,3,23.0,L,2,5,3.0,first_round,2025-26,8478435,D. Vladar
2026-04-25,PHI,1,1,2,1,4,18.9,W,4,2,4.0,first_round,2025-26,8478435,D. Vladar
2026-04-27,PHI,0,2,2,1,0,20.216666666666665,W,3,2,5.0,first_round,2025-26,8478435,D. Vladar
2026-04-29,PHI,0,0,0,0,5,23.15,L,0,1,6.0,first_round,2025-26,8478435,D. Vladar
