gameId,date,opponent,goals,assists,points,plus_minus,SOG,TOI,result,team_score,opp_score,game_number,game_context,season,is_elimination_game,home_away
2021020045,2021-10-19,WSH,0,1,1,-5,3,20.266666666666666,L,3,6,,regular_season,2021-22,False,R
2021020055,2021-10-21,FLA,0,1,1,-2,0,18.066666666666663,L,1,4,,regular_season,2021-22,False,R
2021020068,2021-10-23,TBL,1,2,3,2,3,25.433333333333334,W,4,3,,regular_season,2021-22,False,R
2021020093,2021-10-26,VGK,0,1,1,-1,5,21.35,L,1,3,,regular_season,2021-22,False,H
2021020105,2021-10-28,STL,0,1,1,0,2,20.816666666666663,W,4,3,,regular_season,2021-22,False,R
2021020122,2021-10-30,MIN,0,2,2,3,5,20.05,W,4,1,,regular_season,2021-22,False,H
2021020145,2021-11-03,CBJ,0,1,1,1,3,23.516666666666666,L,4,5,,regular_season,2021-22,False,H
2021020169,2021-11-06,CBJ,0,0,0,-1,2,20.666666666666668,L,2,4,,regular_season,2021-22,False,R
2021020346,2021-12-01,TOR,0,2,2,0,5,21.666666666666668,L,3,8,,regular_season,2021-22,False,R
2021020352,2021-12-02,MTL,0,1,1,2,3,19.433333333333334,W,4,1,,regular_season,2021-22,False,R
2021020368,2021-12-04,OTT,0,3,3,-1,3,27.366666666666667,L,5,6,,regular_season,2021-22,False,R
2021020383,2021-12-06,PHI,0,1,1,-1,8,21.85,W,7,5,,regular_season,2021-22,False,R
2021020399,2021-12-08,NYR,1,0,1,0,5,18.03333333333333,W,7,3,,regular_season,2021-22,False,R
2021020415,2021-12-10,DET,1,0,1,0,6,18.73333333333333,W,7,3,,regular_season,2021-22,False,H
2021020433,2021-12-12,FLA,0,2,2,2,6,21.016666666666666,W,3,2,,regular_season,2021-22,False,H
2021020447,2021-12-14,NYR,0,2,2,-1,5,22.53333333333333,W,4,2,,regular_season,2021-22,False,H
2021020460,2021-12-16,NSH,0,1,1,-2,2,26.35,L,2,5,,regular_season,2021-22,False,R
2021020580,2022-01-02,ANA,0,3,3,2,6,23.3,W,4,2,,regular_season,2021-22,False,H
2021020591,2022-01-04,CHI,0,1,1,0,2,23.98333333333333,W,4,3,,regular_season,2021-22,False,R
2021020606,2022-01-06,WPG,1,4,5,3,8,17.883333333333333,W,7,1,,regular_season,2021-22,False,H
2021020622,2022-01-08,TOR,1,0,1,0,12,24.433333333333334,W,5,4,,regular_season,2021-22,False,H
2021020634,2022-01-10,SEA,0,0,0,-2,7,21.883333333333333,W,4,3,,regular_season,2021-22,False,H
2021020641,2022-01-11,NSH,1,0,1,1,6,20.566666666666663,L,4,5,,regular_season,2021-22,False,R
2021020663,2022-01-14,ARI,0,0,0,2,7,24.35,W,4,3,,regular_season,2021-22,False,H
2021020677,2022-01-15,ARI,2,1,3,2,5,19.98333333333333,W,5,0,,regular_season,2021-22,False,R
2021020686,2022-01-17,MIN,1,1,2,-1,6,25.8,W,4,3,,regular_season,2021-22,False,H
2021020703,2022-01-19,ANA,0,0,0,0,0,22.766666666666666,W,2,0,,regular_season,2021-22,False,R
2021020711,2022-01-20,LAK,0,2,2,1,1,17.616666666666667,W,4,1,,regular_season,2021-22,False,R
2021020729,2022-01-22,MTL,0,0,0,0,7,22.55,W,3,2,,regular_season,2021-22,False,H
2021020742,2022-01-24,CHI,0,1,1,1,4,22.066666666666663,W,2,0,,regular_season,2021-22,False,H
2021020756,2022-01-26,BOS,0,0,0,0,0,0.9333333333333332,W,4,3,,regular_season,2021-22,False,H
2021020563,2022-02-13,DAL,0,1,1,2,3,17.75,W,4,0,,regular_season,2021-22,False,R
2021020549,2022-02-15,DAL,1,0,1,0,5,24.23333333333333,L,1,4,,regular_season,2021-22,False,H
2021020535,2022-02-16,VGK,0,1,1,1,4,21.35,W,2,0,,regular_season,2021-22,False,R
2021020504,2022-02-19,BUF,1,0,1,1,5,20.266666666666666,W,5,3,,regular_season,2021-22,False,R
2021020508,2022-02-21,BOS,1,0,1,-1,7,19.95,L,1,5,,regular_season,2021-22,False,R
2021020826,2022-02-25,WPG,2,0,2,4,14,22.216666666666665,W,6,3,,regular_season,2021-22,False,H
2021020836,2022-02-26,VGK,1,0,1,0,1,19.416666666666668,W,3,2,,regular_season,2021-22,False,R
2021020857,2022-03-01,NYI,1,0,1,0,5,20.0,W,5,3,,regular_season,2021-22,False,H
2021020871,2022-03-03,ARI,0,1,1,0,7,21.383333333333333,L,1,2,,regular_season,2021-22,False,R
2021020886,2022-03-05,CGY,1,0,1,0,9,23.066666666666663,L,3,4,,regular_season,2021-22,False,H
2021020900,2022-03-07,NYI,1,2,3,2,9,20.33333333333333,W,5,4,,regular_season,2021-22,False,R
2021020904,2022-03-08,NJD,1,2,3,-1,4,21.08333333333333,L,3,5,,regular_season,2021-22,False,R
2021020923,2022-03-10,CAR,0,0,0,-1,6,21.166666666666668,L,0,2,,regular_season,2021-22,False,R
2021020949,2022-03-13,CGY,2,0,2,2,5,19.766666666666666,W,3,0,,regular_season,2021-22,False,H
2021020962,2022-03-15,LAK,0,1,1,1,3,19.266666666666666,W,3,0,,regular_season,2021-22,False,R
2021020982,2022-03-18,SJS,0,3,3,2,0,18.716666666666665,W,5,3,,regular_season,2021-22,False,R
2021021002,2022-03-21,EDM,1,1,2,0,7,24.616666666666667,W,3,2,,regular_season,2021-22,False,H
2021021016,2022-03-23,VAN,0,1,1,-2,4,25.6,L,1,3,,regular_season,2021-22,False,H
2021021031,2022-03-25,PHI,0,1,1,1,3,17.833333333333332,W,6,3,,regular_season,2021-22,False,H
2021021052,2022-03-27,MIN,0,0,0,-1,3,19.8,L,2,3,,regular_season,2021-22,False,R
2021021080,2022-03-31,SJS,0,0,0,0,2,22.633333333333333,W,4,2,,regular_season,2021-22,False,H
2021021097,2022-04-02,PIT,0,2,2,0,4,22.78333333333333,W,3,2,,regular_season,2021-22,False,H
2021021119,2022-04-05,PIT,2,0,2,-1,3,21.683333333333334,W,6,4,,regular_season,2021-22,False,R
2021021141,2022-04-08,WPG,1,1,2,2,11,23.633333333333333,W,5,4,,regular_season,2021-22,False,R
2021021151,2022-04-09,EDM,1,0,1,0,1,22.35,W,2,1,,regular_season,2021-22,False,R
2021021180,2022-04-13,LAK,3,2,5,2,6,15.716666666666669,W,9,3,,regular_season,2021-22,False,H
2021021190,2022-04-14,NJD,0,0,0,0,2,18.666666666666668,W,3,1,,regular_season,2021-22,False,H
2021021205,2022-04-16,CAR,2,0,2,3,5,18.73333333333333,W,7,4,,regular_season,2021-22,False,H
2021021216,2022-04-18,WSH,0,0,0,0,2,22.3,L,2,3,,regular_season,2021-22,False,H
2021021232,2022-04-20,SEA,0,1,1,1,2,22.33333333333333,L,2,3,,regular_season,2021-22,False,R
2021021246,2022-04-22,EDM,1,1,2,0,7,23.966666666666665,L,3,6,,regular_season,2021-22,False,R
2021021268,2022-04-24,WPG,0,0,0,-1,2,17.033333333333335,L,1,4,,regular_season,2021-22,False,R
2021021283,2022-04-26,STL,0,1,1,3,2,20.183333333333334,W,5,3,,regular_season,2021-22,False,H
2021021296,2022-04-28,NSH,0,0,0,-2,9,23.866666666666667,L,4,5,,regular_season,2021-22,False,H
2021030151,2022-05-03,NSH,2,1,3,2,6,17.383333333333333,W,7,2,1.0,first_round,2021-22,False,H
2021030152,2022-05-05,NSH,1,0,1,1,8,23.25,W,2,1,2.0,first_round,2021-22,False,H
2021030153,2022-05-07,NSH,1,0,1,0,6,18.53333333333333,W,7,3,3.0,first_round,2021-22,False,R
2021030154,2022-05-09,NSH,1,0,1,0,9,20.616666666666667,W,5,3,4.0,first_round,2021-22,False,R
2021030231,2022-05-17,STL,0,1,1,0,8,24.25,W,3,2,1.0,second_round,2021-22,False,H
2021030232,2022-05-19,STL,0,1,1,-1,3,21.53333333333333,L,1,4,2.0,second_round,2021-22,False,H
2021030233,2022-05-21,STL,0,1,1,2,2,21.78333333333333,W,5,2,3.0,second_round,2021-22,False,R
2021030234,2022-05-23,STL,0,0,0,0,4,22.433333333333334,W,6,3,4.0,second_round,2021-22,False,R
2021030235,2022-05-25,STL,3,1,4,2,6,22.48333333333333,L,4,5,5.0,second_round,2021-22,False,H
2021030236,2022-05-27,STL,0,0,0,0,3,19.166666666666668,W,3,2,6.0,second_round,2021-22,False,R
2021030321,2022-05-31,EDM,1,1,2,1,4,21.28333333333333,W,8,6,1.0,conf_finals,2021-22,False,H
2021030322,2022-06-02,EDM,1,0,1,0,11,20.65,W,4,0,2.0,conf_finals,2021-22,False,H
2021030323,2022-06-04,EDM,0,1,1,4,5,22.916666666666668,W,4,2,3.0,conf_finals,2021-22,False,R
2021030324,2022-06-06,EDM,1,0,1,1,7,19.266666666666666,W,6,5,4.0,conf_finals,2021-22,False,R
2021030411,2022-06-15,TBL,0,1,1,1,5,22.1,W,4,3,1.0,stanley_cup_finals,2021-22,False,H
2021030412,2022-06-18,TBL,0,1,1,0,3,16.566666666666666,W,7,0,2.0,stanley_cup_finals,2021-22,False,H
2021030413,2022-06-20,TBL,0,0,0,-2,6,22.05,L,2,6,3.0,stanley_cup_finals,2021-22,False,R
2021030414,2022-06-22,TBL,1,0,1,-1,8,27.05,W,3,2,4.0,stanley_cup_finals,2021-22,False,R
2021030415,2022-06-24,TBL,0,1,1,0,6,22.4,L,2,3,5.0,stanley_cup_finals,2021-22,False,H
2021030416,2022-06-26,TBL,1,1,2,1,7,22.48333333333333,W,2,1,6.0,stanley_cup_finals,2021-22,False,R
2022020008,2022-10-12,CHI,0,2,2,1,6,20.23333333333333,W,5,2,,regular_season,2022-23,False,H
2022020018,2022-10-13,CGY,1,1,2,1,3,21.866666666666667,L,3,5,,regular_season,2022-23,False,R
2022020045,2022-10-17,MIN,1,2,3,2,7,21.35,W,6,3,,regular_season,2022-23,False,R
2022020057,2022-10-19,WPG,0,1,1,-1,4,21.416666666666668,L,3,4,,regular_season,2022-23,False,H
2022020073,2022-10-21,SEA,0,0,0,0,2,21.633333333333333,L,2,3,,regular_season,2022-23,False,H
2022020086,2022-10-22,VGK,1,0,1,0,7,22.566666666666663,W,3,2,,regular_season,2022-23,False,R
2022020099,2022-10-25,NYR,0,1,1,0,5,24.35,W,3,2,,regular_season,2022-23,False,R
2022020123,2022-10-28,NJD,0,0,0,0,7,25.48333333333333,L,0,1,,regular_season,2022-23,False,R
2022020135,2022-10-29,NYI,0,2,2,-1,4,25.03333333333333,L,4,5,,regular_season,2022-23,False,R
2022020175,2022-11-04,CBJ,0,4,4,3,6,18.28333333333333,W,6,3,,regular_season,2022-23,False,H
2022020185,2022-11-05,CBJ,0,3,3,3,4,19.683333333333334,W,5,1,,regular_season,2022-23,False,R
2022020219,2022-11-10,NSH,0,2,2,1,8,24.183333333333334,W,5,3,,regular_season,2022-23,False,H
2022020233,2022-11-12,CAR,1,1,2,2,3,19.766666666666666,W,4,1,,regular_season,2022-23,False,H
2022020247,2022-11-14,STL,0,1,1,-1,5,23.35,L,2,3,,regular_season,2022-23,False,H
2022020261,2022-11-17,CAR,0,0,0,-1,3,22.23333333333333,W,3,2,,regular_season,2022-23,False,R
2022020278,2022-11-19,WSH,1,1,2,2,3,20.6,W,4,0,,regular_season,2022-23,False,R
2022020298,2022-11-21,DAL,0,0,0,-1,10,29.83333333333333,W,3,2,,regular_season,2022-23,False,R
2022020317,2022-11-23,VAN,0,1,1,-1,8,25.916666666666668,L,3,4,,regular_season,2022-23,False,H
2022020339,2022-11-26,DAL,1,0,1,1,7,21.683333333333334,W,4,1,,regular_season,2022-23,False,H
2022020357,2022-11-29,WPG,0,0,0,-1,5,20.266666666666666,L,0,5,,regular_season,2022-23,False,R
2022020365,2022-12-01,BUF,2,3,5,1,8,25.15,W,6,4,,regular_season,2022-23,False,R
2022020380,2022-12-03,BOS,0,0,0,-2,4,23.65,L,1,5,,regular_season,2022-23,False,R
2022020397,2022-12-05,PHI,0,1,1,-1,1,4.966666666666667,L,3,5,,regular_season,2022-23,False,R
2022020585,2022-12-31,TOR,0,0,0,-3,3,22.316666666666663,L,2,6,,regular_season,2022-23,False,H
2022020596,2023-01-02,VGK,1,1,2,0,8,27.116666666666667,L,2,3,,regular_season,2022-23,False,H
2022020619,2023-01-05,VAN,0,0,0,-2,3,25.916666666666668,L,2,4,,regular_season,2022-23,False,R
2022020634,2023-01-07,EDM,1,1,2,2,11,23.73333333333333,W,3,2,,regular_season,2022-23,False,R
2022020656,2023-01-10,FLA,1,0,1,2,3,26.03333333333333,L,4,5,,regular_season,2022-23,False,H
2022020671,2023-01-12,CHI,0,2,2,2,8,24.65,L,2,3,,regular_season,2022-23,False,R
2022020680,2023-01-14,OTT,0,2,2,3,5,19.15,W,7,0,,regular_season,2022-23,False,H
2022020696,2023-01-16,DET,2,2,4,4,5,20.15,W,6,3,,regular_season,2022-23,False,H
2022020714,2023-01-18,CGY,0,2,2,2,3,21.8,W,4,1,,regular_season,2022-23,False,R
2022020731,2023-01-20,VAN,0,2,2,0,10,22.78333333333333,W,4,1,,regular_season,2022-23,False,R
2022020743,2023-01-21,SEA,0,0,0,0,7,25.53333333333333,W,2,1,,regular_season,2022-23,False,R
2022020764,2023-01-24,WSH,0,1,1,0,1,18.883333333333333,W,3,2,,regular_season,2022-23,False,H
2022020776,2023-01-26,ANA,0,1,1,-3,4,24.98333333333333,L,3,5,,regular_season,2022-23,False,H
2022020788,2023-01-28,STL,0,1,1,1,1,24.633333333333333,W,4,2,,regular_season,2022-23,False,H
2022020813,2023-02-07,PIT,1,0,1,0,8,26.05,L,1,2,,regular_season,2022-23,False,R
2022020821,2023-02-09,TBL,0,0,0,-2,2,21.416666666666668,L,0,5,,regular_season,2022-23,False,R
2022020839,2023-02-11,FLA,2,1,3,0,6,23.916666666666668,W,5,3,,regular_season,2022-23,False,R
2022020862,2023-02-14,TBL,1,1,2,2,7,22.8,L,3,4,,regular_season,2022-23,False,H
2022020866,2023-02-15,MIN,1,1,2,2,6,22.15,W,3,2,,regular_season,2022-23,False,R
2022020883,2023-02-18,STL,0,2,2,1,6,19.166666666666668,W,4,1,,regular_season,2022-23,False,R
2022020898,2023-02-19,EDM,1,2,3,1,9,28.33333333333333,W,6,5,,regular_season,2022-23,False,H
2022020935,2023-02-24,WPG,1,1,2,2,3,21.6,W,5,1,,regular_season,2022-23,False,R
2022020944,2023-02-25,CGY,1,0,1,1,3,24.383333333333333,W,4,1,,regular_season,2022-23,False,H
2022020956,2023-02-27,VGK,1,0,1,1,6,21.466666666666665,W,3,0,,regular_season,2022-23,False,H
2022020971,2023-03-01,NJD,2,0,2,0,6,23.616666666666667,L,5,7,,regular_season,2022-23,False,H
2022020997,2023-03-04,DAL,0,0,0,-3,6,18.766666666666666,L,3,7,,regular_season,2022-23,False,R
2022021005,2023-03-05,SEA,1,0,1,-2,1,22.216666666666665,L,2,3,,regular_season,2022-23,False,H
2022021019,2023-03-07,SJS,1,1,2,4,4,15.266666666666667,W,6,0,,regular_season,2022-23,False,H
2022021033,2023-03-09,LAK,1,0,1,-4,8,20.466666666666665,L,2,5,,regular_season,2022-23,False,H
2022021041,2023-03-11,ARI,1,1,2,0,6,21.33333333333333,W,3,2,,regular_season,2022-23,False,H
2022021062,2023-03-13,MTL,1,1,2,0,5,17.6,W,8,4,,regular_season,2022-23,False,R
2022021077,2023-03-15,TOR,0,1,1,-1,2,24.866666666666667,W,2,1,,regular_season,2022-23,False,R
2022021080,2023-03-16,OTT,0,3,3,3,6,21.5,W,5,4,,regular_season,2022-23,False,R
2022021095,2023-03-18,DET,1,2,3,1,3,19.65,W,5,1,,regular_season,2022-23,False,R
2022021117,2023-03-20,CHI,0,1,1,1,6,19.266666666666666,W,5,0,,regular_season,2022-23,False,H
2022021133,2023-03-22,PIT,0,1,1,0,5,24.966666666666665,L,2,5,,regular_season,2022-23,False,H
2022021149,2023-03-24,ARI,1,2,3,1,4,23.83333333333333,W,3,1,,regular_season,2022-23,False,H
2022021165,2023-03-26,ARI,0,0,0,-1,3,24.58333333333333,W,4,3,,regular_season,2022-23,False,R
2022021174,2023-03-27,ANA,1,1,2,1,3,20.216666666666665,W,5,1,,regular_season,2022-23,False,R
2022021188,2023-03-29,MIN,0,0,0,-3,5,24.316666666666663,L,2,4,,regular_season,2022-23,False,H
2022021212,2023-04-01,DAL,2,0,2,3,8,21.03333333333333,W,5,2,,regular_season,2022-23,False,H
2022021239,2023-04-04,SJS,2,1,3,3,7,24.866666666666667,W,4,3,,regular_season,2022-23,False,R
2022021256,2023-04-06,SJS,1,3,4,4,3,18.666666666666668,W,6,2,,regular_season,2022-23,False,R
2022021272,2023-04-08,LAK,0,0,0,-2,2,20.633333333333333,W,4,3,,regular_season,2022-23,False,R
2022021274,2023-04-09,ANA,2,1,3,-1,9,25.25,W,5,4,,regular_season,2022-23,False,R
2022021292,2023-04-11,EDM,0,0,0,0,7,25.25,L,1,2,,regular_season,2022-23,False,H
2022021309,2023-04-13,WPG,0,0,0,-2,1,20.33333333333333,W,4,2,,regular_season,2022-23,False,H
2022020320,2023-04-14,NSH,3,1,4,4,8,23.566666666666663,W,4,3,,regular_season,2022-23,False,R
2022030151,2023-04-18,SEA,0,1,1,0,7,20.683333333333334,L,1,3,1.0,first_round,2022-23,False,H
2022030152,2023-04-20,SEA,0,0,0,1,8,22.95,W,3,2,2.0,first_round,2022-23,False,H
2022030153,2023-04-22,SEA,2,0,2,2,5,21.4,W,6,4,3.0,first_round,2022-23,False,R
2022030154,2023-04-24,SEA,0,1,1,1,0,23.666666666666668,L,2,3,4.0,first_round,2022-23,False,R
2022030155,2023-04-26,SEA,1,1,2,2,4,27.016666666666666,L,2,3,5.0,first_round,2022-23,False,H
2022030156,2023-04-28,SEA,0,0,0,3,7,24.766666666666666,W,4,1,6.0,first_round,2022-23,False,R
2022030157,2023-04-30,SEA,0,1,1,-1,9,25.65,L,1,2,7.0,first_round,2022-23,False,H
2023020008,2023-10-11,LAK,1,2,3,2,4,21.6,W,5,2,,regular_season,2023-24,False,R
2023020030,2023-10-14,SJS,0,0,0,1,14,25.633333333333333,W,2,1,,regular_season,2023-24,False,R
2023020046,2023-10-17,SEA,0,0,0,1,3,18.933333333333334,W,4,1,,regular_season,2023-24,False,R
2023020061,2023-10-19,CHI,1,0,1,1,6,19.616666666666667,W,4,0,,regular_season,2023-24,False,H
2023020076,2023-10-21,CAR,1,1,2,-2,3,20.3,W,6,4,,regular_season,2023-24,False,H
2023020090,2023-10-24,NYI,1,0,1,2,8,23.266666666666666,W,7,4,,regular_season,2023-24,False,R
2023020105,2023-10-26,PIT,0,0,0,-3,5,24.266666666666666,L,0,4,,regular_season,2023-24,False,R
2023020126,2023-10-29,BUF,0,0,0,-2,4,18.383333333333333,L,0,4,,regular_season,2023-24,False,R
2023020143,2023-11-01,STL,0,2,2,1,2,20.466666666666665,W,4,1,,regular_season,2023-24,False,H
2023020173,2023-11-04,VGK,0,0,0,-1,4,20.78333333333333,L,0,7,,regular_season,2023-24,False,R
2023020188,2023-11-07,NJD,1,1,2,2,3,24.366666666666667,W,6,3,,regular_season,2023-24,False,H
2023020201,2023-11-09,SEA,1,2,3,1,3,23.53333333333333,L,3,4,,regular_season,2023-24,False,H
2023020219,2023-11-11,STL,0,1,1,-2,6,19.016666666666666,L,2,8,,regular_season,2023-24,False,H
2023020228,2023-11-13,SEA,0,3,3,1,3,24.166666666666668,W,5,1,,regular_season,2023-24,False,R
2023020240,2023-11-15,ANA,0,2,2,1,2,19.33333333333333,W,8,2,,regular_season,2023-24,False,H
2023020264,2023-11-18,DAL,0,0,0,2,4,24.08333333333333,W,6,3,,regular_season,2023-24,False,R
2023020275,2023-11-20,NSH,0,2,2,-1,8,23.933333333333334,L,3,4,,regular_season,2023-24,False,R
2023020291,2023-11-22,VAN,0,1,1,1,7,22.1,W,5,2,,regular_season,2023-24,False,H
2023020306,2023-11-24,MIN,0,1,1,0,3,24.08333333333333,W,3,2,,regular_season,2023-24,False,R
2023020313,2023-11-25,CGY,1,1,2,1,4,20.666666666666668,W,3,1,,regular_season,2023-24,False,H
2023020324,2023-11-27,TBL,0,2,2,1,0,21.75,W,4,1,,regular_season,2023-24,False,H
2023020350,2023-11-30,ARI,1,0,1,0,7,25.516666666666666,L,3,4,,regular_season,2023-24,False,R
2023020366,2023-12-02,ANA,0,1,1,1,6,29.58333333333333,L,3,4,,regular_season,2023-24,False,R
2023020373,2023-12-03,LAK,0,1,1,-1,2,21.15,L,1,4,,regular_season,2023-24,False,R
2023020386,2023-12-05,ANA,1,2,3,2,5,22.75,W,3,2,,regular_season,2023-24,False,H
2023020402,2023-12-07,WPG,1,1,2,-1,5,25.016666666666666,L,2,4,,regular_season,2023-24,False,H
2023020417,2023-12-09,PHI,1,0,1,-1,4,23.2,L,2,5,,regular_season,2023-24,False,H
2023020431,2023-12-11,CGY,1,1,2,-1,2,26.316666666666663,W,6,5,,regular_season,2023-24,False,H
2023020445,2023-12-13,BUF,0,2,2,1,2,20.883333333333333,W,5,1,,regular_season,2023-24,False,H
2023020467,2023-12-16,WPG,0,2,2,-1,4,25.633333333333333,L,2,6,,regular_season,2023-24,False,R
2023020477,2023-12-17,SJS,2,2,4,2,4,21.116666666666667,W,6,2,,regular_season,2023-24,False,H
2023020492,2023-12-19,CHI,0,1,1,0,3,22.433333333333334,L,2,3,,regular_season,2023-24,False,R
2023020507,2023-12-21,OTT,4,1,5,1,9,22.85,W,6,4,,regular_season,2023-24,False,H
2023020525,2023-12-23,ARI,0,1,1,1,4,21.85,W,4,1,,regular_season,2023-24,False,H
2023020537,2023-12-27,ARI,1,1,2,-1,4,24.6,L,4,5,,regular_season,2023-24,False,R
2023020552,2023-12-29,STL,0,0,0,-1,2,23.616666666666667,W,2,1,,regular_season,2023-24,False,R
2023020571,2023-12-31,SJS,0,2,2,1,3,25.83333333333333,W,3,1,,regular_season,2023-24,False,H
2023020582,2024-01-02,NYI,1,2,3,-1,7,23.15,W,5,4,,regular_season,2023-24,False,H
2023020593,2024-01-04,DAL,2,1,3,4,7,26.78333333333333,W,5,4,,regular_season,2023-24,False,R
2023020606,2024-01-06,FLA,0,1,1,-3,3,19.83333333333333,L,4,8,,regular_season,2023-24,False,H
2023020624,2024-01-08,BOS,0,1,1,-1,4,30.366666666666667,W,4,3,,regular_season,2023-24,False,H
2023020637,2024-01-10,VGK,0,1,1,0,7,22.516666666666666,W,3,0,,regular_season,2023-24,False,H
2023020662,2024-01-13,TOR,1,1,2,1,5,24.933333333333334,W,5,3,,regular_season,2023-24,False,R
2023020678,2024-01-15,MTL,0,1,1,1,7,28.933333333333334,L,3,4,,regular_season,2023-24,False,R
2023020682,2024-01-16,OTT,0,2,2,1,1,22.28333333333333,W,7,4,,regular_season,2023-24,False,R
2023020692,2024-01-18,BOS,1,0,1,-1,6,21.8,L,2,5,,regular_season,2023-24,False,R
2023020707,2024-01-20,PHI,2,2,4,3,4,23.5,W,7,4,,regular_season,2023-24,False,R
2023020742,2024-01-24,WSH,4,1,5,3,8,20.48333333333333,W,6,2,,regular_season,2023-24,False,H
2023020757,2024-01-26,LAK,1,1,2,1,3,19.05,W,5,1,,regular_season,2023-24,False,H
2023020781,2024-02-05,NYR,1,0,1,0,7,24.03333333333333,L,1,2,,regular_season,2023-24,False,R
2023020787,2024-02-06,NJD,0,0,0,-1,4,24.55,L,3,5,,regular_season,2023-24,False,R
2023020799,2024-02-08,CAR,0,0,0,-1,4,24.133333333333333,L,2,5,,regular_season,2023-24,False,R
2023020809,2024-02-10,FLA,0,0,0,0,1,18.316666666666663,L,0,4,,regular_season,2023-24,False,R
2023020828,2024-02-13,WSH,0,2,2,0,5,24.08333333333333,W,6,3,,regular_season,2023-24,False,R
2023020842,2024-02-15,TBL,0,2,2,-1,5,23.916666666666668,L,3,6,,regular_season,2023-24,False,R
2023020864,2024-02-18,ARI,1,1,2,0,9,23.55,W,4,3,,regular_season,2023-24,False,H
2023020881,2024-02-20,VAN,0,1,1,0,10,24.0,W,3,1,,regular_season,2023-24,False,H
2023020890,2024-02-22,DET,1,0,1,0,11,24.166666666666668,L,1,2,,regular_season,2023-24,False,R
2023020908,2024-02-24,TOR,0,3,3,2,2,23.28333333333333,L,3,4,,regular_season,2023-24,False,H
2023020936,2024-02-27,DAL,1,1,2,2,6,19.78333333333333,W,5,1,,regular_season,2023-24,False,H
2023020949,2024-02-29,CHI,1,1,2,1,4,19.25,W,5,0,,regular_season,2023-24,False,R
2023020959,2024-03-02,NSH,1,0,1,-1,4,21.05,L,1,5,,regular_season,2023-24,False,R
2023020979,2024-03-04,CHI,2,2,4,3,6,21.316666666666663,W,5,0,,regular_season,2023-24,False,H
2023020991,2024-03-06,DET,1,3,4,3,8,21.8,W,7,2,,regular_season,2023-24,False,H
2023021006,2024-03-08,MIN,0,2,2,1,6,25.183333333333334,W,2,1,,regular_season,2023-24,False,H
2023021039,2024-03-12,CGY,1,1,2,3,5,17.95,W,6,2,,regular_season,2023-24,False,R
2023021044,2024-03-13,VAN,1,1,2,-1,3,23.133333333333333,W,4,3,,regular_season,2023-24,False,R
2023021070,2024-03-16,EDM,0,1,1,1,6,24.716666666666665,W,3,2,,regular_season,2023-24,False,R
2023021089,2024-03-19,STL,0,1,1,1,3,24.05,W,4,3,,regular_season,2023-24,False,R
2023021111,2024-03-22,CBJ,1,1,2,1,7,19.78333333333333,W,6,1,,regular_season,2023-24,False,H
2023021125,2024-03-24,PIT,1,2,3,1,6,24.866666666666667,W,5,4,,regular_season,2023-24,False,H
2023021144,2024-03-26,MTL,1,0,1,0,4,24.48333333333333,L,1,2,,regular_season,2023-24,False,H
2023021159,2024-03-28,NYR,0,0,0,1,5,27.883333333333333,L,2,3,,regular_season,2023-24,False,H
2023021169,2024-03-30,NSH,2,2,4,1,5,23.316666666666663,W,7,4,,regular_season,2023-24,False,H
2023021181,2024-04-01,CBJ,0,0,0,-1,9,26.366666666666667,L,1,4,,regular_season,2023-24,False,R
2023021207,2024-04-04,MIN,1,2,3,3,5,20.45,W,5,2,,regular_season,2023-24,False,R
2023021214,2024-04-05,EDM,0,1,1,-2,4,22.48333333333333,L,2,6,,regular_season,2023-24,False,R
2023021236,2024-04-07,DAL,0,2,2,0,8,24.95,L,4,7,,regular_season,2023-24,False,H
2023021248,2024-04-09,MIN,3,1,4,4,10,19.0,W,5,2,,regular_season,2023-24,False,H
2023021272,2024-04-13,WPG,0,0,0,-2,4,21.2,L,0,7,,regular_season,2023-24,False,H
2023021284,2024-04-14,VGK,0,1,1,-1,4,19.8,L,3,4,,regular_season,2023-24,False,R
2023021310,2024-04-18,EDM,0,2,2,1,1,17.65,W,5,1,,regular_season,2023-24,False,H
2023030161,2024-04-21,WPG,1,1,2,-1,4,24.183333333333334,L,6,7,1.0,first_round,2023-24,False,R
2023030162,2024-04-23,WPG,0,1,1,3,2,22.98333333333333,W,5,2,2.0,first_round,2023-24,False,R
2023030163,2024-04-26,WPG,1,1,2,-1,8,22.633333333333333,W,6,2,3.0,first_round,2023-24,False,H
2023030164,2024-04-28,WPG,0,2,2,1,3,20.933333333333334,W,5,1,4.0,first_round,2023-24,False,H
2023030165,2024-04-30,WPG,0,2,2,3,7,21.716666666666665,W,6,3,5.0,first_round,2023-24,False,R
2023030231,2024-05-07,DAL,1,1,2,0,4,26.9,W,4,3,1.0,second_round,2023-24,False,R
2023030232,2024-05-09,DAL,0,0,0,-1,3,23.25,L,3,5,2.0,second_round,2023-24,False,R
2023030233,2024-05-11,DAL,0,1,1,-2,3,23.916666666666668,L,1,4,3.0,second_round,2023-24,False,H
2023030234,2024-05-13,DAL,0,0,0,-3,4,23.316666666666663,L,1,5,4.0,second_round,2023-24,False,H
2023030235,2024-05-15,DAL,1,1,2,1,2,24.33333333333333,W,5,3,5.0,second_round,2023-24,False,R
2023030236,2024-05-17,DAL,0,0,0,-1,6,36.53333333333333,L,1,2,6.0,second_round,2023-24,False,H
2024020010,2024-10-09,VGK,0,2,2,-2,4,21.55,L,4,8,,regular_season,2024-25,False,R
2024020034,2024-10-12,CBJ,1,1,2,1,3,23.383333333333333,L,4,6,,regular_season,2024-25,False,H
2024020047,2024-10-14,NYI,0,1,1,-3,5,23.0,L,2,6,,regular_season,2024-25,False,H
2024020059,2024-10-16,BOS,0,2,2,-2,1,23.8,L,3,5,,regular_season,2024-25,False,H
2024020074,2024-10-18,ANA,1,1,2,1,9,23.8,W,4,3,,regular_season,2024-25,False,H
2024020089,2024-10-20,SJS,0,2,2,2,3,20.0,W,4,1,,regular_season,2024-25,False,R
2024020106,2024-10-22,SEA,1,0,1,0,2,21.85,W,3,2,,regular_season,2024-25,False,R
2024020115,2024-10-24,UTA,0,1,1,1,3,20.95,W,5,1,,regular_season,2024-25,False,R
2024020139,2024-10-27,OTT,1,1,2,1,5,23.23333333333333,W,5,4,,regular_season,2024-25,False,H
2024020144,2024-10-28,CHI,1,0,1,-4,1,24.95,L,2,5,,regular_season,2024-25,False,H
2024020157,2024-10-30,TBL,0,2,2,0,2,24.966666666666665,L,2,5,,regular_season,2024-25,False,H
2024020182,2024-11-02,NSH,1,1,2,-1,6,22.53333333333333,L,2,5,,regular_season,2024-25,False,R
2024020202,2024-11-05,SEA,0,5,5,3,4,24.35,W,6,3,,regular_season,2024-25,False,H
2024020217,2024-11-07,WPG,0,0,0,0,4,24.48333333333333,L,0,1,,regular_season,2024-25,False,R
2024020233,2024-11-09,CAR,1,3,4,3,7,26.316666666666663,W,6,4,,regular_season,2024-25,False,H
2024020243,2024-11-11,NSH,0,1,1,1,5,24.48333333333333,W,3,2,,regular_season,2024-25,False,H
2024020255,2024-11-13,LAK,0,3,3,3,3,24.75,W,4,2,,regular_season,2024-25,False,H
2024020268,2024-11-15,WSH,0,0,0,-2,0,22.1,L,2,5,,regular_season,2024-25,False,H
2024020289,2024-11-18,PHI,0,1,1,0,2,22.65,W,3,2,,regular_season,2024-25,False,R
2024020310,2024-11-21,WSH,0,0,0,0,3,22.266666666666666,W,2,1,,regular_season,2024-25,False,R
2024020321,2024-11-23,FLA,0,1,1,3,2,22.4,W,7,4,,regular_season,2024-25,False,R
2024020334,2024-11-25,TBL,0,0,0,-3,0,21.85,L,2,8,,regular_season,2024-25,False,R
2024020358,2024-11-27,VGK,0,0,0,1,10,27.08333333333333,W,2,1,,regular_season,2024-25,False,H
2024020373,2024-11-29,DAL,0,1,1,-1,5,26.03333333333333,L,3,5,,regular_season,2024-25,False,R
2024020385,2024-11-30,EDM,0,0,0,-2,7,23.48333333333333,L,1,4,,regular_season,2024-25,False,H
2024020397,2024-12-03,BUF,2,1,3,1,9,23.55,W,5,4,,regular_season,2024-25,False,R
2024020415,2024-12-05,CAR,0,1,1,0,3,25.08333333333333,L,3,5,,regular_season,2024-25,False,R
2024020432,2024-12-07,DET,0,1,1,-1,2,22.78333333333333,W,2,1,,regular_season,2024-25,False,R
2024020440,2024-12-08,NJD,0,0,0,0,6,21.766666666666666,W,4,0,,regular_season,2024-25,False,R
2024020447,2024-12-10,PIT,1,4,5,4,3,17.6,W,6,2,,regular_season,2024-25,False,R
2024020469,2024-12-12,UTA,1,0,1,-1,4,23.616666666666667,L,1,4,,regular_season,2024-25,False,H
2024020484,2024-12-14,NSH,2,1,3,3,3,21.433333333333334,W,5,2,,regular_season,2024-25,False,H
2024020496,2024-12-16,VAN,0,0,0,-1,4,25.016666666666666,L,1,3,,regular_season,2024-25,False,R
2024020520,2024-12-19,SJS,0,2,2,-1,3,23.3,W,4,2,,regular_season,2024-25,False,R
2024020527,2024-12-20,ANA,1,2,3,2,3,18.816666666666663,W,4,2,,regular_season,2024-25,False,R
2024020543,2024-12-22,SEA,0,2,2,0,2,20.933333333333334,W,5,2,,regular_season,2024-25,False,H
2024020564,2024-12-27,UTA,0,3,3,3,4,19.133333333333333,W,4,1,,regular_season,2024-25,False,R
2024020597,2024-12-31,WPG,0,1,1,2,6,23.2,W,5,2,,regular_season,2024-25,False,H
2024020610,2025-01-02,BUF,0,3,3,2,3,26.266666666666666,W,6,5,,regular_season,2024-25,False,H
2024020626,2025-01-04,MTL,0,1,1,0,2,25.4,L,1,2,,regular_season,2024-25,False,H
2024020639,2025-01-06,FLA,0,1,1,1,3,23.416666666666668,W,3,1,,regular_season,2024-25,False,H
2024020651,2025-01-08,CHI,0,0,0,0,2,27.316666666666663,L,1,3,,regular_season,2024-25,False,R
2024020662,2025-01-09,MIN,1,1,2,2,5,19.73333333333333,W,6,1,,regular_season,2024-25,False,R
2024020678,2025-01-11,WPG,0,0,0,-1,3,24.28333333333333,L,0,3,,regular_season,2024-25,False,R
2024020703,2025-01-14,NYR,0,2,2,1,4,25.116666666666667,W,3,2,,regular_season,2024-25,False,H
2024020718,2025-01-16,EDM,2,0,2,0,3,21.2,L,3,4,,regular_season,2024-25,False,H
2024020724,2025-01-18,DAL,0,1,1,0,3,20.75,W,6,3,,regular_season,2024-25,False,H
2024020741,2025-01-20,MIN,1,0,1,1,6,25.95,L,1,3,,regular_season,2024-25,False,H
2024020759,2025-01-22,WPG,1,0,1,0,7,23.98333333333333,L,2,3,,regular_season,2024-25,False,H
2024020776,2025-01-25,BOS,0,0,0,-1,8,23.8,L,1,3,,regular_season,2024-25,False,R
2024020789,2025-01-26,NYR,0,2,2,-1,1,18.58333333333333,W,5,4,,regular_season,2024-25,False,R
2024020803,2025-01-28,NYI,0,1,1,0,7,23.883333333333333,L,2,5,,regular_season,2024-25,False,R
2024020824,2025-01-31,STL,0,1,1,1,4,20.5,W,5,0,,regular_season,2024-25,False,H
2024020836,2025-02-02,PHI,1,0,1,0,4,24.45,W,2,0,,regular_season,2024-25,False,H
2024020855,2025-02-04,VAN,0,0,0,-1,5,21.75,L,0,3,,regular_season,2024-25,False,R
2024020868,2025-02-06,CGY,0,3,3,2,2,22.78333333333333,W,4,2,,regular_season,2024-25,False,R
2024020874,2025-02-07,EDM,1,3,4,2,7,22.3,W,5,4,,regular_season,2024-25,False,R
2024020898,2025-02-22,NSH,0,0,0,-1,8,21.0,L,1,2,,regular_season,2024-25,False,R
2024020910,2025-02-23,STL,0,0,0,0,3,20.8,L,1,3,,regular_season,2024-25,False,R
2024020931,2025-02-26,NJD,2,1,3,1,7,21.2,W,5,1,,regular_season,2024-25,False,H
2024020947,2025-02-28,MIN,0,1,1,0,2,21.28333333333333,W,5,2,,regular_season,2024-25,False,H
2024020980,2025-03-04,PIT,0,2,2,1,2,21.0,W,4,1,,regular_season,2024-25,False,H
2024020996,2025-03-06,SJS,2,3,5,3,8,18.05,W,7,3,,regular_season,2024-25,False,H
2024021007,2025-03-08,TOR,2,0,2,1,3,25.466666666666665,W,7,4,,regular_season,2024-25,False,H
2024021023,2025-03-10,CHI,0,2,2,2,6,23.966666666666665,W,3,0,,regular_season,2024-25,False,H
2024021030,2025-03-11,MIN,0,0,0,-1,2,25.616666666666667,L,1,2,,regular_season,2024-25,False,R
2024021052,2025-03-14,CGY,0,0,0,1,2,19.95,W,4,2,,regular_season,2024-25,False,R
2024021067,2025-03-16,DAL,0,1,1,1,4,22.33333333333333,W,4,3,,regular_season,2024-25,False,H
2024021087,2025-03-19,TOR,0,1,1,-1,6,23.433333333333334,L,1,2,,regular_season,2024-25,False,R
2024021089,2025-03-20,OTT,1,0,1,1,3,17.55,W,5,1,,regular_season,2024-25,False,R
2024021112,2025-03-22,MTL,0,0,0,-2,6,22.15,W,5,4,,regular_season,2024-25,False,R
2024021136,2025-03-25,DET,1,1,2,2,1,18.4,W,5,2,,regular_season,2024-25,False,H
2024021149,2025-03-27,LAK,0,1,1,0,2,20.9,W,4,0,,regular_season,2024-25,False,H
2024021161,2025-03-29,STL,1,0,1,0,4,22.05,L,1,2,,regular_season,2024-25,False,H
2024021180,2025-03-31,CGY,0,1,1,0,3,23.466666666666665,L,2,3,,regular_season,2024-25,False,H
2024021195,2025-04-02,CHI,0,1,1,1,6,28.3,W,3,2,,regular_season,2024-25,False,R
2024021199,2025-04-03,CBJ,1,2,3,0,2,17.516666666666666,W,7,3,,regular_season,2024-25,False,R
2024021218,2025-04-05,STL,1,0,1,-2,7,25.48333333333333,L,4,5,,regular_season,2024-25,False,R
2024021244,2025-04-08,VGK,0,1,1,-1,6,25.933333333333334,W,3,2,,regular_season,2024-25,False,H
2024030161,2025-04-19,DAL,2,1,3,2,7,20.166666666666668,W,5,1,1.0,first_round,2024-25,False,R
2024030162,2025-04-21,DAL,1,0,1,1,4,24.883333333333333,L,3,4,2.0,first_round,2024-25,False,R
2024030163,2025-04-23,DAL,0,0,0,-1,9,29.366666666666667,L,1,2,3.0,first_round,2024-25,False,H
2024030164,2025-04-26,DAL,1,0,1,0,4,19.616666666666667,W,4,0,4.0,first_round,2024-25,False,H
2024030165,2025-04-28,DAL,1,1,2,0,7,20.933333333333334,L,2,6,5.0,first_round,2024-25,False,R
2024030166,2025-05-01,DAL,1,2,3,3,2,22.53333333333333,W,7,4,6.0,first_round,2024-25,False,H
2024030167,2025-05-03,DAL,1,0,1,0,6,22.4,L,2,4,7.0,first_round,2024-25,False,R
2025020003,2025-10-07,LAK,0,2,2,2,2,20.78333333333333,W,4,1,,regular_season,2025-26,False,R
2025020018,2025-10-09,UTA,1,0,1,0,4,21.266666666666666,W,2,1,,regular_season,2025-26,False,H
2025020034,2025-10-11,DAL,1,2,3,2,4,25.016666666666666,L,4,5,,regular_season,2025-26,False,H
2025020039,2025-10-13,BUF,2,0,2,2,5,21.78333333333333,W,3,1,,regular_season,2025-26,False,R
2025020067,2025-10-16,CBJ,0,0,0,1,2,18.4,W,4,1,,regular_season,2025-26,False,R
2025020085,2025-10-18,BOS,2,0,2,3,8,23.28333333333333,W,4,1,,regular_season,2025-26,False,H
2025020107,2025-10-21,UTA,0,0,0,-1,8,20.85,L,3,4,,regular_season,2025-26,False,R
2025020121,2025-10-23,CAR,0,1,1,-2,4,25.416666666666668,L,4,5,,regular_season,2025-26,False,H
2025020128,2025-10-25,BOS,0,2,2,2,3,21.633333333333333,L,2,3,,regular_season,2025-26,False,R
2025020140,2025-10-26,NJD,1,0,1,-1,4,21.65,L,3,4,,regular_season,2025-26,False,R
2025020161,2025-10-28,NJD,2,1,3,-1,5,19.933333333333334,W,8,4,,regular_season,2025-26,False,H
2025020178,2025-10-31,VGK,0,1,1,3,2,20.15,W,4,2,,regular_season,2025-26,False,R
2025020184,2025-11-01,SJS,1,0,1,0,4,22.28333333333333,L,2,3,,regular_season,2025-26,False,R
2025020209,2025-11-04,TBL,0,1,1,-1,6,22.0,W,3,2,,regular_season,2025-26,False,H
2025020240,2025-11-08,EDM,2,2,4,4,6,19.766666666666666,W,9,1,,regular_season,2025-26,False,R
2025020250,2025-11-09,VAN,2,3,5,0,4,20.05,W,5,4,,regular_season,2025-26,False,R
2025020262,2025-11-11,ANA,0,3,3,2,3,20.98333333333333,W,4,1,,regular_season,2025-26,False,H
2025020275,2025-11-13,BUF,0,1,1,3,8,21.066666666666663,W,6,3,,regular_season,2025-26,False,H
2025020300,2025-11-16,NYI,0,0,0,1,3,21.316666666666663,W,4,1,,regular_season,2025-26,False,H
2025020326,2025-11-20,NYR,2,1,3,3,4,25.15,W,6,3,,regular_season,2025-26,False,H
2025020343,2025-11-22,NSH,1,0,1,1,1,21.183333333333334,W,3,0,,regular_season,2025-26,False,R
2025020350,2025-11-23,CHI,0,0,0,0,4,24.48333333333333,W,1,0,,regular_season,2025-26,False,R
2025020371,2025-11-26,SJS,1,1,2,3,5,18.316666666666663,W,6,0,,regular_season,2025-26,False,H
2025020378,2025-11-28,MIN,1,1,2,2,4,23.966666666666665,L,2,3,,regular_season,2025-26,False,R
2025020392,2025-11-29,MTL,1,2,3,2,5,14.816666666666666,W,7,2,,regular_season,2025-26,False,H
2025020417,2025-12-02,VAN,2,0,2,2,6,22.25,W,3,1,,regular_season,2025-26,False,H
2025020430,2025-12-04,NYI,0,0,0,0,6,22.166666666666668,L,3,6,,regular_season,2025-26,False,R
2025020441,2025-12-06,NYR,2,0,2,3,7,24.933333333333334,W,3,2,,regular_season,2025-26,False,R
2025020453,2025-12-07,PHI,0,1,1,0,6,22.883333333333333,W,3,2,,regular_season,2025-26,False,R
2025020475,2025-12-09,NSH,0,2,2,0,7,28.366666666666667,L,3,4,,regular_season,2025-26,False,R
2025020490,2025-12-11,FLA,1,1,2,2,7,19.566666666666663,W,6,2,,regular_season,2025-26,False,H
2025020506,2025-12-13,NSH,1,1,2,3,3,23.48333333333333,W,4,2,,regular_season,2025-26,False,H
2025020528,2025-12-16,SEA,2,1,3,3,6,23.5,W,5,3,,regular_season,2025-26,False,R
2025020546,2025-12-19,WPG,0,1,1,0,1,24.35,W,3,2,,regular_season,2025-26,False,H
2025020563,2025-12-21,MIN,2,0,2,2,4,22.55,W,5,1,,regular_season,2025-26,False,R
2025020584,2025-12-23,UTA,0,0,0,0,1,21.75,W,1,0,,regular_season,2025-26,False,H
2025020600,2025-12-27,VGK,1,2,3,2,9,25.466666666666665,W,6,5,,regular_season,2025-26,False,R
2025020611,2025-12-29,LAK,1,1,2,1,2,21.133333333333333,W,5,2,,regular_season,2025-26,False,H
2025020629,2025-12-31,STL,2,2,4,3,7,17.2,W,6,1,,regular_season,2025-26,False,H
2025020653,2026-01-03,CAR,1,3,4,0,2,20.066666666666663,W,5,3,,regular_season,2025-26,False,R
2025020659,2026-01-04,FLA,0,0,0,-1,5,23.2,L,1,2,,regular_season,2025-26,False,R
2025020668,2026-01-06,TBL,0,0,0,-2,5,22.616666666666667,L,2,4,,regular_season,2025-26,False,R
2025020691,2026-01-08,OTT,1,3,4,0,5,17.233333333333334,W,8,2,,regular_season,2025-26,False,H
2025020699,2026-01-10,CBJ,0,0,0,0,8,20.133333333333333,W,4,0,,regular_season,2025-26,False,H
2025020723,2026-01-12,TOR,0,3,3,1,3,24.666666666666668,L,3,4,,regular_season,2025-26,False,H
2025020752,2026-01-16,NSH,0,1,1,-2,4,20.616666666666667,L,3,7,,regular_season,2025-26,False,H
2025020771,2026-01-19,WSH,2,1,3,2,10,22.45,W,5,2,,regular_season,2025-26,False,H
2025020789,2026-01-21,ANA,0,0,0,-1,3,29.3,L,1,2,,regular_season,2025-26,False,H
2025020805,2026-01-23,PHI,0,2,2,-1,1,26.25,L,3,7,,regular_season,2025-26,False,H
2025020819,2026-01-25,TOR,0,1,1,2,2,23.3,W,4,1,,regular_season,2025-26,False,R
2025020841,2026-01-28,OTT,0,0,0,-3,1,23.6,L,2,5,,regular_season,2025-26,False,R
2025020845,2026-01-29,MTL,0,0,0,-3,2,21.15,L,3,7,,regular_season,2025-26,False,R
2025020860,2026-01-31,DET,2,1,3,3,4,21.6,W,5,0,,regular_season,2025-26,False,R
2025020883,2026-02-02,DET,0,0,0,-2,5,26.116666666666667,L,0,2,,regular_season,2025-26,False,H
2025020897,2026-02-04,SJS,0,2,2,4,4,23.016666666666666,W,4,2,,regular_season,2025-26,False,H
2025020927,2026-02-26,MIN,0,2,2,0,8,23.35,L,2,5,,regular_season,2025-26,False,H
2025020938,2026-02-28,CHI,0,2,2,2,6,23.53333333333333,W,3,1,,regular_season,2025-26,False,H
2025020958,2026-03-02,LAK,1,1,2,3,8,21.116666666666667,W,4,2,,regular_season,2025-26,False,R
2025020968,2026-03-03,ANA,0,1,1,1,3,20.716666666666665,W,5,1,,regular_season,2025-26,False,R
2025020984,2026-03-06,DAL,1,2,3,1,2,27.35,W,5,4,,regular_season,2025-26,False,R
2025021001,2026-03-08,MIN,1,0,1,1,9,22.48333333333333,W,3,2,,regular_season,2025-26,False,H
2025021023,2026-03-10,EDM,0,0,0,-1,1,14.283333333333331,L,3,4,,regular_season,2025-26,False,H
2025021040,2026-03-12,SEA,1,3,4,3,4,20.966666666666665,W,5,1,,regular_season,2025-26,False,R
2025021045,2026-03-14,WPG,0,1,1,-1,2,25.433333333333334,L,1,3,,regular_season,2025-26,False,R
2025021067,2026-03-16,PIT,1,0,1,-1,4,22.65,L,2,7,,regular_season,2025-26,False,H
2025021080,2026-03-18,DAL,0,1,1,0,5,26.666666666666668,L,1,2,,regular_season,2025-26,False,H
2025021096,2026-03-20,CHI,0,3,3,1,4,22.2,W,4,1,,regular_season,2025-26,False,R
2025021111,2026-03-22,WSH,0,0,0,0,1,22.83333333333333,W,3,2,,regular_season,2025-26,False,R
2025021126,2026-03-24,PIT,1,0,1,1,2,19.05,W,6,2,,regular_season,2025-26,False,R
2025021145,2026-03-26,WPG,2,0,2,-1,7,24.916666666666668,W,3,2,,regular_season,2025-26,False,R
2025021162,2026-03-28,WPG,0,0,0,-2,3,22.6,L,2,4,,regular_season,2025-26,False,H
2025021174,2026-03-30,CGY,1,2,3,1,5,19.33333333333333,W,9,2,,regular_season,2025-26,False,H
2025021188,2026-04-01,VAN,1,0,1,-1,7,24.35,L,6,8,,regular_season,2025-26,False,H
2025021209,2026-04-04,DAL,1,0,1,2,2,20.78333333333333,W,2,0,,regular_season,2025-26,False,R
2025021228,2026-04-05,STL,0,0,0,-3,5,21.633333333333333,L,2,3,,regular_season,2025-26,False,H
2025021238,2026-04-07,STL,0,1,1,1,0,21.133333333333333,W,3,1,,regular_season,2025-26,False,R
2025021256,2026-04-09,CGY,1,2,3,1,6,22.383333333333333,W,3,1,,regular_season,2025-26,False,H
2025021274,2026-04-11,VGK,0,0,0,-1,6,21.633333333333333,L,2,3,,regular_season,2025-26,False,H
2025021289,2026-04-13,EDM,0,0,0,0,2,27.95,W,2,1,,regular_season,2025-26,False,R
2025021298,2026-04-14,CGY,1,0,1,2,4,21.133333333333333,W,3,1,,regular_season,2025-26,False,R
2025030151,2026-04-19,LAK,0,1,1,1,3,22.133333333333333,W,2,1,1.0,first_round,2025-26,False,H
2025030152,2026-04-21,LAK,0,0,0,1,4,23.2,W,2,1,2.0,first_round,2025-26,False,H
2025030153,2026-04-23,LAK,0,0,0,0,0,19.5,W,4,2,3.0,first_round,2025-26,False,R
2025030154,2026-04-26,LAK,2,1,3,2,5,17.783333333333335,W,5,1,4.0,first_round,2025-26,False,R
2025030231,2026-05-03,MIN,1,2,3,3,4,19.1,W,9,6,1.0,second_round,2025-26,False,H
2025030232,2026-05-05,MIN,1,2,3,0,5,22.1,W,5,2,2.0,second_round,2025-26,False,H
2025030233,2026-05-09,MIN,1,0,1,-1,4,23.85,L,1,5,3.0,second_round,2025-26,False,R
2025030234,2026-05-11,MIN,1,0,1,1,2,20.8,W,5,2,4.0,second_round,2025-26,False,R
2025030235,2026-05-13,MIN,1,0,1,0,9,23.016666666666666,W,4,3,5.0,second_round,2025-26,False,H
2025030321,2026-05-20,VGK,0,1,1,-1,3,21.533333333333335,L,2,4,1.0,conf_finals,2025-26,False,H
2025030322,2026-05-22,VGK,0,0,0,-1,1,22.5,L,1,3,2.0,conf_finals,2025-26,False,H
2025030323,2026-05-24,VGK,0,1,1,-1,5,18.033333333333335,L,3,5,3.0,conf_finals,2025-26,False,R
2025030324,2026-05-26,VGK,0,0,0,1,2,22.166666666666668,L,1,2,4.0,conf_finals,2025-26,False,R
