gameId,date,opponent,goals,assists,points,plus_minus,SOG,TOI,result,team_score,opp_score,game_number,game_context,season,is_elimination_game,home_away,opp_goalie_id,opp_goalie_name,rest_days,is_back_to_back,rolling_pts_5,opp_ga_per_game,opp_goalie_sv_pct
2021020045,2021-10-19,WSH,0,1,1,-5,3,20.266666666666666,L,3,6,,regular_season,2021-22,False,R,8478492,I. Samsonov,,False,,2.9878,0.9068633933615566
2021020055,2021-10-21,FLA,0,1,1,-2,0,18.066666666666663,L,1,4,,regular_season,2021-22,False,R,8475683,S. Bobrovsky,2.0,False,1.0,3.0,0.9070998814916669
2021020068,2021-10-23,TBL,1,2,3,2,3,25.433333333333334,W,4,3,,regular_season,2021-22,False,R,8476883,A. Vasilevskiy,2.0,False,1.0,2.8415,0.9216771388231588
2021020093,2021-10-26,VGK,0,1,1,-1,5,21.35,L,1,3,,regular_season,2021-22,False,H,8475215,R. Lehner,3.0,False,1.6666666666666667,3.0244,0.9091711793069724
2021020105,2021-10-28,STL,0,1,1,0,2,20.816666666666663,W,4,3,,regular_season,2021-22,False,R,8476412,J. Binnington,2.0,False,1.5,2.9512,0.9100031550735163
2021020122,2021-10-30,MIN,0,2,2,3,5,20.05,W,4,1,,regular_season,2021-22,False,H,8475660,C. Talbot,2.0,False,1.4,3.0854,0.9136893113789343
2021020145,2021-11-03,CBJ,0,1,1,1,3,23.516666666666666,L,4,5,,regular_season,2021-22,False,H,8476914,J. Korpisalo,4.0,False,1.6,3.6585,0.9033325196496359
2021020169,2021-11-06,CBJ,0,0,0,-1,2,20.666666666666668,L,2,4,,regular_season,2021-22,False,R,8478007,E. Merzlikins,3.0,False,1.6,3.6585,0.9153151007207243
2021020346,2021-12-01,TOR,0,2,2,0,5,21.666666666666668,L,3,8,,regular_season,2021-22,False,R,8475789,J. Campbell,25.0,False,1.0,3.0854,0.9234934457918877
2021020352,2021-12-02,MTL,0,1,1,2,3,19.433333333333334,W,4,1,,regular_season,2021-22,False,R,8474596,J. Allen,1.0,True,1.2,3.8902,0.9086248416105897
2021020368,2021-12-04,OTT,0,3,3,-1,3,27.366666666666667,L,5,6,,regular_season,2021-22,False,R,8476341,A. Forsberg,2.0,False,1.2,3.2439,0.909172321194515
2021020383,2021-12-06,PHI,0,1,1,-1,8,21.85,W,7,5,,regular_season,2021-22,False,R,8474889,M. Jones,2.0,False,1.4,3.6341,0.9050728793939827
2021020399,2021-12-08,NYR,1,0,1,0,5,18.03333333333333,W,7,3,,regular_season,2021-22,False,R,8478903,A. Huska,2.0,False,1.4,2.5244,0.9107052257737189
2021020415,2021-12-10,DET,1,0,1,0,6,18.73333333333333,W,7,3,,regular_season,2021-22,False,H,8471306,T. Greiss,2.0,False,1.6,3.8049,0.9087351944560136
2021020433,2021-12-12,FLA,0,2,2,2,6,21.016666666666666,W,3,2,,regular_season,2021-22,False,H,8475683,S. Bobrovsky,2.0,False,1.4,3.0,0.9093969370279277
2021020447,2021-12-14,NYR,0,2,2,-1,5,22.53333333333333,W,4,2,,regular_season,2021-22,False,H,8480382,A. Georgiev,2.0,False,1.6,2.5244,0.9080282958558273
2021020460,2021-12-16,NSH,0,1,1,-2,2,26.35,L,2,5,,regular_season,2021-22,False,R,8477424,J. Saros,2.0,False,1.4,3.0732,0.9207820788264613
2021020580,2022-01-02,ANA,0,3,3,2,6,23.3,W,4,2,,regular_season,2021-22,False,H,8476434,J. Gibson,17.0,False,1.4,3.3049,0.9090785013976609
2021020591,2022-01-04,CHI,0,1,1,0,2,23.98333333333333,W,4,3,,regular_season,2021-22,False,R,8470594,M. Fleury,2.0,False,1.8,3.5488,0.9177220153908611
2021020606,2022-01-06,WPG,1,4,5,3,8,17.883333333333333,W,7,1,,regular_season,2021-22,False,H,8476945,C. Hellebuyck,2.0,False,1.8,3.1358,0.9158557881013858
2021020622,2022-01-08,TOR,1,0,1,0,12,24.433333333333334,W,5,4,,regular_season,2021-22,False,H,8475789,J. Campbell,2.0,False,2.4,3.0854,0.9229597154951698
2021020634,2022-01-10,SEA,0,0,0,-2,7,21.883333333333333,W,4,3,,regular_season,2021-22,False,H,8475831,P. Grubauer,2.0,False,2.2,3.4691,0.9085154773971776
2021020641,2022-01-11,NSH,1,0,1,1,6,20.566666666666663,L,4,5,,regular_season,2021-22,False,R,8477424,J. Saros,1.0,True,2.0,3.0732,0.9220673059662746
2021020663,2022-01-14,ARI,0,0,0,2,7,24.35,W,4,3,,regular_season,2021-22,False,H,8481031,I. Prosvetov,3.0,False,1.6,3.8171,0.9039671207964818
2021020677,2022-01-15,ARI,2,1,3,2,5,19.98333333333333,W,5,0,,regular_season,2021-22,False,R,8478872,K. Vejmelka,1.0,True,1.4,3.8171,0.9100783360092976
2021020686,2022-01-17,MIN,1,1,2,-1,6,25.8,W,4,3,,regular_season,2021-22,False,H,8478039,K. Kahkonen,2.0,False,1.0,3.0854,0.9084470725753774
2021020703,2022-01-19,ANA,0,0,0,0,0,22.766666666666666,W,2,0,,regular_season,2021-22,False,R,8476434,J. Gibson,2.0,False,1.2,3.3049,0.9086993668811874
2021020711,2022-01-20,LAK,0,2,2,1,1,17.616666666666667,W,4,1,,regular_season,2021-22,False,R,8471734,J. Quick,1.0,True,1.2,2.878,0.9091268076873922
2021020729,2022-01-22,MTL,0,0,0,0,7,22.55,W,3,2,,regular_season,2021-22,False,H,8480051,C. Primeau,2.0,False,1.4,3.8902,0.9028882507099588
2021020742,2022-01-24,CHI,0,1,1,1,4,22.066666666666663,W,2,0,,regular_season,2021-22,False,H,8470594,M. Fleury,2.0,False,1.4,3.5488,0.9171614616613443
2021020756,2022-01-26,BOS,0,0,0,0,0,0.9333333333333332,W,4,3,,regular_season,2021-22,False,H,8476999,L. Ullmark,2.0,False,1.0,2.6829,0.9135321923431118
2021020563,2022-02-13,DAL,0,1,1,2,3,17.75,W,4,0,,regular_season,2021-22,False,R,8474651,B. Holtby,18.0,False,0.6,3.0,0.9071968008849207
2021020549,2022-02-15,DAL,1,0,1,0,5,24.23333333333333,L,1,4,,regular_season,2021-22,False,H,8479979,J. Oettinger,2.0,False,0.8,3.0,0.9106873493412178
2021020535,2022-02-16,VGK,0,1,1,1,4,21.35,W,2,0,,regular_season,2021-22,False,R,8476316,L. Brossoit,1.0,True,0.6,3.0244,0.9104276370423636
2021020504,2022-02-19,BUF,1,0,1,1,5,20.266666666666666,W,5,3,,regular_season,2021-22,False,R,8474682,D. Tokarski,3.0,False,0.8,3.5366,0.9067916901014859
2021020508,2022-02-21,BOS,1,0,1,-1,7,19.95,L,1,5,,regular_season,2021-22,False,R,8480280,J. Swayman,2.0,False,0.8,2.6829,0.9188609775610961
2021020826,2022-02-25,WPG,2,0,2,4,14,22.216666666666665,W,6,3,,regular_season,2021-22,False,H,8476945,C. Hellebuyck,4.0,False,1.0,3.1358,0.9148262315255579
2021020836,2022-02-26,VGK,1,0,1,0,1,19.416666666666668,W,3,2,,regular_season,2021-22,False,R,8476316,L. Brossoit,1.0,True,1.2,3.0244,0.9084329744833552
2021020857,2022-03-01,NYI,1,0,1,0,5,20.0,W,5,3,,regular_season,2021-22,False,H,8478009,I. Sorokin,3.0,False,1.2,2.8902,0.917480214831866
2021020871,2022-03-03,ARI,0,1,1,0,7,21.383333333333333,L,1,2,,regular_season,2021-22,False,R,8478872,K. Vejmelka,2.0,False,1.2,3.8171,0.9049349617053362
2021020886,2022-03-05,CGY,1,0,1,0,9,23.066666666666663,L,3,4,,regular_season,2021-22,False,H,8478435,D. Vladar,2.0,False,1.2,2.5366,0.9058605406393028
2021020900,2022-03-07,NYI,1,2,3,2,9,20.33333333333333,W,5,4,,regular_season,2021-22,False,R,8473575,S. Varlamov,2.0,False,1.2,2.8902,0.917318641789596
2021020904,2022-03-08,NJD,1,2,3,-1,4,21.08333333333333,L,3,5,,regular_season,2021-22,False,R,8482076,N. Daws,1.0,True,1.4,3.7439,0.9094833598320248
2021020923,2022-03-10,CAR,0,0,0,-1,6,21.166666666666668,L,0,2,,regular_season,2021-22,False,R,8477293,A. Raanta,2.0,False,1.8,2.4634,0.9097642640719212
2021020949,2022-03-13,CGY,2,0,2,2,5,19.766666666666666,W,3,0,,regular_season,2021-22,False,H,8478435,D. Vladar,3.0,False,1.6,2.5366,0.9050735992028318
2021020962,2022-03-15,LAK,0,1,1,1,3,19.266666666666666,W,3,0,,regular_season,2021-22,False,R,8471734,J. Quick,2.0,False,1.8,2.878,0.9075122152665258
2021020982,2022-03-18,SJS,0,3,3,2,0,18.716666666666665,W,5,3,,regular_season,2021-22,False,R,8479313,Z. Sawchenko,3.0,False,1.8,3.2195,0.9097778167417943
2021021002,2022-03-21,EDM,1,1,2,0,7,24.616666666666667,W,3,2,,regular_season,2021-22,False,H,8469608,M. Smith,3.0,False,1.8,3.0732,0.9098090972216784
2021021016,2022-03-23,VAN,0,1,1,-2,4,25.6,L,1,3,,regular_season,2021-22,False,H,8470860,J. Halak,2.0,False,1.6,2.878,0.9000277830062823
2021021031,2022-03-25,PHI,0,1,1,1,3,17.833333333333332,W,6,3,,regular_season,2021-22,False,H,8479394,C. Hart,2.0,False,1.8,3.6341,0.9081795939884938
2021021052,2022-03-27,MIN,0,0,0,-1,3,19.8,L,2,3,,regular_season,2021-22,False,R,8475660,C. Talbot,2.0,False,1.6,3.0854,0.9099470828800681
2021021080,2022-03-31,SJS,0,0,0,0,2,22.633333333333333,W,4,2,,regular_season,2021-22,False,H,8478039,K. Kahkonen,4.0,False,1.4,3.2195,0.9037369692307524
2021021097,2022-04-02,PIT,0,2,2,0,4,22.78333333333333,W,3,2,,regular_season,2021-22,False,H,8477465,T. Jarry,2.0,False,0.8,2.7927,0.9136301034436062
2021021119,2022-04-05,PIT,2,0,2,-1,3,21.683333333333334,W,6,4,,regular_season,2021-22,False,R,8477465,T. Jarry,3.0,False,0.8,2.7927,0.9135881376000881
2021021141,2022-04-08,WPG,1,1,2,2,11,23.633333333333333,W,5,4,,regular_season,2021-22,False,R,8476945,C. Hellebuyck,3.0,False,1.0,3.1358,0.9124896115644723
2021021151,2022-04-09,EDM,1,0,1,0,1,22.35,W,2,1,,regular_season,2021-22,False,R,8475156,M. Koskinen,1.0,True,1.2,3.0732,0.9037335927314205
2021021180,2022-04-13,LAK,3,2,5,2,6,15.716666666666669,W,9,3,,regular_season,2021-22,False,H,8471734,J. Quick,4.0,False,1.4,2.878,0.9087806984992977
2021021190,2022-04-14,NJD,0,0,0,0,2,18.666666666666668,W,3,1,,regular_season,2021-22,False,H,8477202,A. Hammond,1.0,True,2.4,3.7439,0.9031753751294039
2021021205,2022-04-16,CAR,2,0,2,3,5,18.73333333333333,W,7,4,,regular_season,2021-22,False,H,8475883,F. Andersen,2.0,False,2.0,2.4634,0.917831919426665
2021021216,2022-04-18,WSH,0,0,0,0,2,22.3,L,2,3,,regular_season,2021-22,False,H,8478492,I. Samsonov,2.0,False,2.0,2.9878,0.9030525409066481
2021021232,2022-04-20,SEA,0,1,1,1,2,22.33333333333333,L,2,3,,regular_season,2021-22,False,R,8475831,P. Grubauer,2.0,False,1.6,3.4691,0.9016440982423601
2021021246,2022-04-22,EDM,1,1,2,0,7,23.966666666666665,L,3,6,,regular_season,2021-22,False,R,8469608,M. Smith,2.0,False,1.6,3.0732,0.9123928655179688
2021021268,2022-04-24,WPG,0,0,0,-1,2,17.033333333333335,L,1,4,,regular_season,2021-22,False,R,8476945,C. Hellebuyck,2.0,False,1.0,3.1358,0.9106380907639822
2021021283,2022-04-26,STL,0,1,1,3,2,20.183333333333334,W,5,3,,regular_season,2021-22,False,H,8476412,J. Binnington,2.0,False,1.0,2.9512,0.9059711543847494
2021021296,2022-04-28,NSH,0,0,0,-2,9,23.866666666666667,L,4,5,,regular_season,2021-22,False,H,8479496,D. Rittich,2.0,False,0.8,3.0732,0.9015091337888756
2021030151,2022-05-03,NSH,2,1,3,2,6,17.383333333333333,W,7,2,1.0,first_round,2021-22,False,H,8479496,D. Rittich,5.0,False,0.8,3.0732,0.9012842734095979
2021030152,2022-05-05,NSH,1,0,1,1,8,23.25,W,2,1,2.0,first_round,2021-22,False,H,8478971,C. Ingram,2.0,False,1.2,3.0732,0.9065081332821303
2021030153,2022-05-07,NSH,1,0,1,0,6,18.53333333333333,W,7,3,3.0,first_round,2021-22,False,R,8478971,C. Ingram,2.0,False,1.0,3.0732,0.908969162891046
2021030154,2022-05-09,NSH,1,0,1,0,9,20.616666666666667,W,5,3,4.0,first_round,2021-22,False,R,8478971,C. Ingram,2.0,False,1.2,3.0732,0.9071275988360665
2021030231,2022-05-17,STL,0,1,1,0,8,24.25,W,3,2,1.0,second_round,2021-22,False,H,8476412,J. Binnington,8.0,False,1.2,2.9512,0.9056803266368101
2021030232,2022-05-19,STL,0,1,1,-1,3,21.53333333333333,L,1,4,2.0,second_round,2021-22,False,H,8476412,J. Binnington,2.0,False,1.4,2.9512,0.9058088818307947
2021030233,2022-05-21,STL,0,1,1,2,2,21.78333333333333,W,5,2,3.0,second_round,2021-22,False,R,8476412,J. Binnington,2.0,False,1.0,2.9512,0.9070567585709572
2021030234,2022-05-23,STL,0,0,0,0,4,22.433333333333334,W,6,3,4.0,second_round,2021-22,False,R,8478024,V. Husso,2.0,False,1.0,2.9512,0.9130297707490869
2021030235,2022-05-25,STL,3,1,4,2,6,22.48333333333333,L,4,5,5.0,second_round,2021-22,False,H,8478024,V. Husso,2.0,False,0.8,2.9512,0.912222288847006
2021030236,2022-05-27,STL,0,0,0,0,3,19.166666666666668,W,3,2,6.0,second_round,2021-22,False,R,8478024,V. Husso,2.0,False,1.4,2.9512,0.9117598795137957
2021030321,2022-05-31,EDM,1,1,2,1,4,21.28333333333333,W,8,6,1.0,conf_finals,2021-22,False,H,8469608,M. Smith,4.0,False,1.2,3.0732,0.9142474661122365
2021030322,2022-06-02,EDM,1,0,1,0,11,20.65,W,4,0,2.0,conf_finals,2021-22,False,H,8469608,M. Smith,2.0,False,1.4,3.0732,0.912534181731914
2021030323,2022-06-04,EDM,0,1,1,4,5,22.916666666666668,W,4,2,3.0,conf_finals,2021-22,False,R,8469608,M. Smith,2.0,False,1.4,3.0732,0.912325914772694
2021030324,2022-06-06,EDM,1,0,1,1,7,19.266666666666666,W,6,5,4.0,conf_finals,2021-22,False,R,8469608,M. Smith,2.0,False,1.6,3.0732,0.9126212414815038
2021030411,2022-06-15,TBL,0,1,1,1,5,22.1,W,4,3,1.0,stanley_cup_finals,2021-22,False,H,8476883,A. Vasilevskiy,9.0,False,1.0,2.8415,0.9178313196917849
2021030412,2022-06-18,TBL,0,1,1,0,3,16.566666666666666,W,7,0,2.0,stanley_cup_finals,2021-22,False,H,8476883,A. Vasilevskiy,3.0,False,1.2,2.8415,0.9171973618284692
2021030413,2022-06-20,TBL,0,0,0,-2,6,22.05,L,2,6,3.0,stanley_cup_finals,2021-22,False,R,8476883,A. Vasilevskiy,2.0,False,1.0,2.8415,0.9161029270012696
2021030414,2022-06-22,TBL,1,0,1,-1,8,27.05,W,3,2,4.0,stanley_cup_finals,2021-22,False,R,8476883,A. Vasilevskiy,2.0,False,0.8,2.8415,0.9159682773499327
2021030415,2022-06-24,TBL,0,1,1,0,6,22.4,L,2,3,5.0,stanley_cup_finals,2021-22,False,H,8476883,A. Vasilevskiy,2.0,False,0.8,2.8415,0.9161810859935121
2021030416,2022-06-26,TBL,1,1,2,1,7,22.48333333333333,W,2,1,6.0,stanley_cup_finals,2021-22,False,R,8476883,A. Vasilevskiy,2.0,False,0.8,2.8415,0.9160645097118484
2022020008,2022-10-12,CHI,0,2,2,1,6,20.23333333333333,W,5,2,,regular_season,2022-23,False,H,8475852,P. Mrazek,,False,,3.6707,0.901269893881172
2022020018,2022-10-13,CGY,1,1,2,1,3,21.866666666666667,L,3,5,,regular_season,2022-23,False,R,8474593,J. Markstrom,1.0,True,2.0,3.0732,0.9150168256593614
2022020045,2022-10-17,MIN,1,2,3,2,7,21.35,W,6,3,,regular_season,2022-23,False,R,8479406,F. Gustavsson,4.0,False,2.0,2.7439,0.9013252348168358
2022020057,2022-10-19,WPG,0,1,1,-1,4,21.416666666666668,L,3,4,,regular_season,2022-23,False,H,8476945,C. Hellebuyck,2.0,False,2.3333333333333335,2.7439,0.9109435085599474
2022020073,2022-10-21,SEA,0,0,0,0,2,21.633333333333333,L,2,3,,regular_season,2022-23,False,H,8475831,P. Grubauer,2.0,False,2.0,3.122,0.8965230929329526
2022020086,2022-10-22,VGK,1,0,1,0,7,22.566666666666663,W,3,2,,regular_season,2022-23,False,R,8480313,L. Thompson,1.0,True,1.6,2.7927,0.9113129658210174
2022020099,2022-10-25,NYR,0,1,1,0,5,24.35,W,3,2,,regular_season,2022-23,False,R,8478048,I. Shesterkin,3.0,False,1.4,2.6707,0.9234052508594971
2022020123,2022-10-28,NJD,0,0,0,0,7,25.48333333333333,L,0,1,,regular_season,2022-23,False,R,8477970,V. Vanecek,3.0,False,1.2,2.7561,0.9046100963283432
2022020135,2022-10-29,NYI,0,2,2,-1,4,25.03333333333333,L,4,5,,regular_season,2022-23,False,R,8473575,S. Varlamov,1.0,True,0.6,2.7073,0.9093314194510564
2022020175,2022-11-04,CBJ,0,4,4,3,6,18.28333333333333,W,6,3,,regular_season,2022-23,False,H,8478007,E. Merzlikins,6.0,False,0.8,4.0123,0.9022820382851513
2022020185,2022-11-05,CBJ,0,3,3,3,4,19.683333333333334,W,5,1,,regular_season,2022-23,False,R,8476914,J. Korpisalo,1.0,True,1.6,4.0123,0.8942493890940986
2022020219,2022-11-10,NSH,0,2,2,1,8,24.183333333333334,W,5,3,,regular_season,2022-23,False,H,8480947,K. Lankinen,5.0,False,2.0,2.8889,0.9022172174115637
2022020233,2022-11-12,CAR,1,1,2,2,3,19.766666666666666,W,4,1,,regular_season,2022-23,False,H,8477293,A. Raanta,2.0,False,2.2,2.5976,0.9114693727175112
2022020247,2022-11-14,STL,0,1,1,-1,5,23.35,L,2,3,,regular_season,2022-23,False,H,8476412,J. Binnington,2.0,False,2.6,3.6707,0.90357680566826
2022020261,2022-11-17,CAR,0,0,0,-1,3,22.23333333333333,W,3,2,,regular_season,2022-23,False,R,8477293,A. Raanta,3.0,False,2.4,2.5976,0.9111662165309424
2022020278,2022-11-19,WSH,1,1,2,2,3,20.6,W,4,0,,regular_season,2022-23,False,R,8475311,D. Kuemper,2.0,False,1.6,3.2317,0.9134174770049642
2022020298,2022-11-21,DAL,0,0,0,-1,10,29.83333333333333,W,3,2,,regular_season,2022-23,False,R,8479979,J. Oettinger,2.0,False,1.4,2.6585,0.9160542374011227
2022020317,2022-11-23,VAN,0,1,1,-1,8,25.916666666666668,L,3,4,,regular_season,2022-23,False,H,8477484,S. Martin,2.0,False,1.0,3.6341,0.9116238151547189
2022020339,2022-11-26,DAL,1,0,1,1,7,21.683333333333334,W,4,1,,regular_season,2022-23,False,H,8475809,S. Wedgewood,3.0,False,0.8,2.6585,0.9059686958877035
2022020357,2022-11-29,WPG,0,0,0,-1,5,20.266666666666666,L,0,5,,regular_season,2022-23,False,R,8476945,C. Hellebuyck,3.0,False,0.8,2.7439,0.9103624036962157
2022020365,2022-12-01,BUF,2,3,5,1,8,25.15,W,6,4,,regular_season,2022-23,False,R,8480045,U. Luukkonen,2.0,False,0.8,3.679,0.9043100436989561
2022020380,2022-12-03,BOS,0,0,0,-2,4,23.65,L,1,5,,regular_season,2022-23,False,R,8476999,L. Ullmark,2.0,False,1.4,2.1585,0.9148524082631607
2022020397,2022-12-05,PHI,0,1,1,-1,1,4.966666666666667,L,3,5,,regular_season,2022-23,False,R,8479394,C. Hart,2.0,False,1.4,3.378,0.904138901129351
2022020585,2022-12-31,TOR,0,0,0,-3,3,22.316666666666663,L,2,6,,regular_season,2022-23,False,H,8476899,M. Murray,26.0,False,1.4,2.7073,0.9102565482118915
2022020596,2023-01-02,VGK,1,1,2,0,8,27.116666666666667,L,2,3,,regular_season,2022-23,False,H,8480313,L. Thompson,2.0,False,1.2,2.7927,0.9107658505963592
2022020619,2023-01-05,VAN,0,0,0,-2,3,25.916666666666668,L,2,4,,regular_season,2022-23,False,R,8480420,C. Delia,3.0,False,1.6,3.6341,0.9075010581563814
2022020634,2023-01-07,EDM,1,1,2,2,11,23.73333333333333,W,3,2,,regular_season,2022-23,False,R,8479973,S. Skinner,2.0,False,0.6,3.1707,0.9090531327618451
2022020656,2023-01-10,FLA,1,0,1,2,3,26.03333333333333,L,4,5,,regular_season,2022-23,False,H,8475683,S. Bobrovsky,3.0,False,1.0,3.3293,0.9047374911659435
2022020671,2023-01-12,CHI,0,2,2,2,8,24.65,L,2,3,,regular_season,2022-23,False,R,8475852,P. Mrazek,2.0,False,1.0,3.6707,0.8953205283648028
2022020680,2023-01-14,OTT,0,2,2,3,5,19.15,W,7,0,,regular_season,2022-23,False,H,8476341,A. Forsberg,2.0,False,1.4,3.3049,0.9121095124199767
2022020696,2023-01-16,DET,2,2,4,4,5,20.15,W,6,3,,regular_season,2022-23,False,H,8478024,V. Husso,2.0,False,1.4,3.4024,0.9060596313506247
2022020714,2023-01-18,CGY,0,2,2,2,3,21.8,W,4,1,,regular_season,2022-23,False,R,8474593,J. Markstrom,2.0,False,2.2,3.0732,0.9069033434314839
2022020731,2023-01-20,VAN,0,2,2,0,10,22.78333333333333,W,4,1,,regular_season,2022-23,False,R,8480420,C. Delia,2.0,False,2.2,3.6341,0.905633908258326
2022020743,2023-01-21,SEA,0,0,0,0,7,25.53333333333333,W,2,1,,regular_season,2022-23,False,R,8475831,P. Grubauer,1.0,True,2.4,3.122,0.8988133631847496
2022020764,2023-01-24,WSH,0,1,1,0,1,18.883333333333333,W,3,2,,regular_season,2022-23,False,H,8475311,D. Kuemper,3.0,False,2.0,3.2317,0.9148865265362215
2022020776,2023-01-26,ANA,0,1,1,-3,4,24.98333333333333,L,3,5,,regular_season,2022-23,False,H,8476434,J. Gibson,2.0,False,1.8,4.122,0.8959822234904311
2022020788,2023-01-28,STL,0,1,1,1,1,24.633333333333333,W,4,2,,regular_season,2022-23,False,H,8476412,J. Binnington,2.0,False,1.2,3.6707,0.9018352923887594
2022020813,2023-02-07,PIT,1,0,1,0,8,26.05,L,1,2,,regular_season,2022-23,False,R,8479193,C. DeSmith,10.0,False,1.0,3.2195,0.9096422867594193
2022020821,2023-02-09,TBL,0,0,0,-2,2,21.416666666666668,L,0,5,,regular_season,2022-23,False,R,8476883,A. Vasilevskiy,2.0,False,0.8,3.0976,0.9128868561151271
2022020839,2023-02-11,FLA,2,1,3,0,6,23.916666666666668,W,5,3,,regular_season,2022-23,False,R,8475683,S. Bobrovsky,2.0,False,0.8,3.3293,0.9039788204923054
2022020862,2023-02-14,TBL,1,1,2,2,7,22.8,L,3,4,,regular_season,2022-23,False,H,8476883,A. Vasilevskiy,3.0,False,1.2,3.0976,0.9136588935174323
2022020866,2023-02-15,MIN,1,1,2,2,6,22.15,W,3,2,,regular_season,2022-23,False,R,8470594,M. Fleury,1.0,True,1.4,2.7439,0.9042331300938187
2022020883,2023-02-18,STL,0,2,2,1,6,19.166666666666668,W,4,1,,regular_season,2022-23,False,R,8476412,J. Binnington,3.0,False,1.6,3.6707,0.9032129659840413
2022020898,2023-02-19,EDM,1,2,3,1,9,28.33333333333333,W,6,5,,regular_season,2022-23,False,H,8475789,J. Campbell,1.0,True,1.8,3.1707,0.8960761057041011
2022020935,2023-02-24,WPG,1,1,2,2,3,21.6,W,5,1,,regular_season,2022-23,False,R,8476945,C. Hellebuyck,5.0,False,2.4,2.7439,0.9139016063821566
2022020944,2023-02-25,CGY,1,0,1,1,3,24.383333333333333,W,4,1,,regular_season,2022-23,False,H,8474593,J. Markstrom,1.0,True,2.2,3.0732,0.901300345085267
2022020956,2023-02-27,VGK,1,0,1,1,6,21.466666666666665,W,3,0,,regular_season,2022-23,False,H,8478499,A. Hill,2.0,False,2.0,2.7927,0.9081010171364906
2022020971,2023-03-01,NJD,2,0,2,0,6,23.616666666666667,L,5,7,,regular_season,2022-23,False,H,8477970,V. Vanecek,2.0,False,1.8,2.7561,0.9060571242802488
2022020997,2023-03-04,DAL,0,0,0,-3,6,18.766666666666666,L,3,7,,regular_season,2022-23,False,R,8479979,J. Oettinger,3.0,False,1.8,2.6585,0.9167236751712853
2022021005,2023-03-05,SEA,1,0,1,-2,1,22.216666666666665,L,2,3,,regular_season,2022-23,False,H,8475831,P. Grubauer,1.0,True,1.2,3.122,0.899463502584124
2022021019,2023-03-07,SJS,1,1,2,4,4,15.266666666666667,W,6,0,,regular_season,2022-23,False,H,8478039,K. Kahkonen,2.0,False,1.0,3.9146,0.8973397115762173
2022021033,2023-03-09,LAK,1,0,1,-4,8,20.466666666666665,L,2,5,,regular_season,2022-23,False,H,8476914,J. Korpisalo,2.0,False,1.2,3.1341,0.9045852929330505
2022021041,2023-03-11,ARI,1,1,2,0,6,21.33333333333333,W,3,2,,regular_season,2022-23,False,H,8478971,C. Ingram,2.0,False,1.2,3.6463,0.9050634650385001
2022021062,2023-03-13,MTL,1,1,2,0,5,17.6,W,8,4,,regular_season,2022-23,False,R,8474596,J. Allen,2.0,False,1.2,3.7439,0.9033196954085994
2022021077,2023-03-15,TOR,0,1,1,-1,2,24.866666666666667,W,2,1,,regular_season,2022-23,False,R,8478492,I. Samsonov,2.0,False,1.6,2.7073,0.9064550646410181
2022021080,2023-03-16,OTT,0,3,3,3,6,21.5,W,5,4,,regular_season,2022-23,False,R,8481544,M. Sogaard,1.0,True,1.6,3.3049,0.900981102417439
2022021095,2023-03-18,DET,1,2,3,1,3,19.65,W,5,1,,regular_season,2022-23,False,R,8478024,V. Husso,2.0,False,1.8,3.4024,0.9024592837836473
2022021117,2023-03-20,CHI,0,1,1,1,6,19.266666666666666,W,5,0,,regular_season,2022-23,False,H,8471774,A. Stalock,2.0,False,2.2,3.6707,0.9100515954067546
2022021133,2023-03-22,PIT,0,1,1,0,5,24.966666666666665,L,2,5,,regular_season,2022-23,False,H,8477465,T. Jarry,2.0,False,2.0,3.2195,0.90532708628636
2022021149,2023-03-24,ARI,1,2,3,1,4,23.83333333333333,W,3,1,,regular_season,2022-23,False,H,8478872,K. Vejmelka,2.0,False,1.8,3.6463,0.9002849880585702
2022021165,2023-03-26,ARI,0,0,0,-1,3,24.58333333333333,W,4,3,,regular_season,2022-23,False,R,8478971,C. Ingram,2.0,False,2.2,3.6463,0.9051473513128859
2022021174,2023-03-27,ANA,1,1,2,1,3,20.216666666666665,W,5,1,,regular_season,2022-23,False,R,8476434,J. Gibson,1.0,True,1.6,4.122,0.9017629201038874
2022021188,2023-03-29,MIN,0,0,0,-3,5,24.316666666666663,L,2,4,,regular_season,2022-23,False,H,8479406,F. Gustavsson,2.0,False,1.4,2.7439,0.9184223990498269
2022021212,2023-04-01,DAL,2,0,2,3,8,21.03333333333333,W,5,2,,regular_season,2022-23,False,H,8479979,J. Oettinger,3.0,False,1.2,2.6585,0.915550256547586
2022021239,2023-04-04,SJS,2,1,3,3,7,24.866666666666667,W,4,3,,regular_season,2022-23,False,R,8478039,K. Kahkonen,3.0,False,1.4,3.9146,0.8959603997362806
2022021256,2023-04-06,SJS,1,3,4,4,3,18.666666666666668,W,6,2,,regular_season,2022-23,False,R,8478039,K. Kahkonen,2.0,False,1.4,3.9146,0.8961839658269953
2022021272,2023-04-08,LAK,0,0,0,-2,2,20.633333333333333,W,4,3,,regular_season,2022-23,False,R,8477831,P. Copley,2.0,False,2.2,3.1341,0.9047321705378469
2022021274,2023-04-09,ANA,2,1,3,-1,9,25.25,W,5,4,,regular_season,2022-23,False,R,8480843,L. Dostal,1.0,True,1.8,4.122,0.9033771943534052
2022021292,2023-04-11,EDM,0,0,0,0,7,25.25,L,1,2,,regular_season,2022-23,False,H,8479973,S. Skinner,2.0,False,2.4,3.1707,0.909091701869908
2022021309,2023-04-13,WPG,0,0,0,-2,1,20.33333333333333,W,4,2,,regular_season,2022-23,False,H,8479496,D. Rittich,2.0,False,2.0,2.7439,0.8995869530393372
2022020320,2023-04-14,NSH,3,1,4,4,8,23.566666666666663,W,4,3,,regular_season,2022-23,False,R,8480947,K. Lankinen,1.0,True,1.4,2.8889,0.9089598589204578
2022030151,2023-04-18,SEA,0,1,1,0,7,20.683333333333334,L,1,3,1.0,first_round,2022-23,False,H,8475831,P. Grubauer,4.0,False,1.4,3.122,0.8985149732265615
2022030152,2023-04-20,SEA,0,0,0,1,8,22.95,W,3,2,2.0,first_round,2022-23,False,H,8475831,P. Grubauer,2.0,False,1.6,3.122,0.8996485792205852
2022030153,2023-04-22,SEA,2,0,2,2,5,21.4,W,6,4,3.0,first_round,2022-23,False,R,8475831,P. Grubauer,2.0,False,1.0,3.122,0.8998569861130586
2022030154,2023-04-24,SEA,0,1,1,1,0,23.666666666666668,L,2,3,4.0,first_round,2022-23,False,R,8475831,P. Grubauer,2.0,False,1.4,3.122,0.9002468694123631
2022030155,2023-04-26,SEA,1,1,2,2,4,27.016666666666666,L,2,3,5.0,first_round,2022-23,False,H,8475831,P. Grubauer,2.0,False,1.6,3.122,0.90034284581847
2022030156,2023-04-28,SEA,0,0,0,3,7,24.766666666666666,W,4,1,6.0,first_round,2022-23,True,R,8475831,P. Grubauer,2.0,False,1.2,3.122,0.9013737283679948
2022030157,2023-04-30,SEA,0,1,1,-1,9,25.65,L,1,2,7.0,first_round,2022-23,True,H,8475831,P. Grubauer,2.0,False,1.0,3.122,0.9017791129235762
2023020008,2023-10-11,LAK,1,2,3,2,4,21.6,W,5,2,,regular_season,2023-24,False,R,8475660,C. Talbot,,False,,2.622,0.9015621649155939
2023020030,2023-10-14,SJS,0,0,0,1,14,25.633333333333333,W,2,1,,regular_season,2023-24,False,R,8478406,M. Blackwood,3.0,False,3.0,4.0366,0.9016151082113939
2023020046,2023-10-17,SEA,0,0,0,1,3,18.933333333333334,W,4,1,,regular_season,2023-24,False,R,8475831,P. Grubauer,3.0,False,1.5,2.878,0.9015163031026375
2023020061,2023-10-19,CHI,1,0,1,1,6,19.616666666666667,W,4,0,,regular_season,2023-24,False,H,8475852,P. Mrazek,2.0,False,1.0,3.5366,0.9005146925847399
2023020076,2023-10-21,CAR,1,1,2,-2,3,20.3,W,6,4,,regular_season,2023-24,False,H,8481611,P. Kochetkov,2.0,False,1.0,2.6341,0.905009051636766
2023020090,2023-10-24,NYI,1,0,1,2,8,23.266666666666666,W,7,4,,regular_season,2023-24,False,R,8478009,I. Sorokin,3.0,False,1.2,3.2073,0.9178286265448247
2023020105,2023-10-26,PIT,0,0,0,-3,5,24.266666666666666,L,0,4,,regular_season,2023-24,False,R,8477465,T. Jarry,2.0,False,0.8,3.061,0.9055207383174085
2023020126,2023-10-29,BUF,0,0,0,-2,4,18.383333333333333,L,0,4,,regular_season,2023-24,False,R,8480045,U. Luukkonen,3.0,False,0.8,2.9756,0.8971093536203183
2023020143,2023-11-01,STL,0,2,2,1,2,20.466666666666665,W,4,1,,regular_season,2023-24,False,H,8476412,J. Binnington,3.0,False,0.8,3.0488,0.9000547889834669
2023020173,2023-11-04,VGK,0,0,0,-1,4,20.78333333333333,L,0,7,,regular_season,2023-24,False,R,8478499,A. Hill,3.0,False,1.0,2.9878,0.9132465079395974
2023020188,2023-11-07,NJD,1,1,2,2,3,24.366666666666667,W,6,3,,regular_season,2023-24,False,H,8477970,V. Vanecek,3.0,False,0.6,3.4512,0.9033739695179062
2023020201,2023-11-09,SEA,1,2,3,1,3,23.53333333333333,L,3,4,,regular_season,2023-24,False,H,8475831,P. Grubauer,2.0,False,0.8,2.878,0.901801076596186
2023020219,2023-11-11,STL,0,1,1,-2,6,19.016666666666666,L,2,8,,regular_season,2023-24,False,H,8476412,J. Binnington,2.0,False,1.4,3.0488,0.9003280580773501
2023020228,2023-11-13,SEA,0,3,3,1,3,24.166666666666668,W,5,1,,regular_season,2023-24,False,R,8478916,J. Daccord,2.0,False,1.6,2.878,0.9051723885492069
2023020240,2023-11-15,ANA,0,2,2,1,2,19.33333333333333,W,8,2,,regular_season,2023-24,False,H,8480843,L. Dostal,2.0,False,1.8,3.5976,0.9038719238997303
2023020264,2023-11-18,DAL,0,0,0,2,4,24.08333333333333,W,6,3,,regular_season,2023-24,False,R,8479979,J. Oettinger,3.0,False,2.2,2.8537,0.91071724958935
2023020275,2023-11-20,NSH,0,2,2,-1,8,23.933333333333334,L,3,4,,regular_season,2023-24,False,R,8477424,J. Saros,2.0,False,1.8,3.0244,0.9123525200650074
2023020291,2023-11-22,VAN,0,1,1,1,7,22.1,W,5,2,,regular_season,2023-24,False,H,8477967,T. Demko,2.0,False,1.6,2.7195,0.9121799370222621
2023020306,2023-11-24,MIN,0,1,1,0,3,24.08333333333333,W,3,2,,regular_season,2023-24,False,R,8479406,F. Gustavsson,2.0,False,1.6,3.2073,0.9146702086541316
2023020313,2023-11-25,CGY,1,1,2,1,4,20.666666666666668,W,3,1,,regular_season,2023-24,False,H,8478435,D. Vladar,1.0,True,1.2,3.3049,0.8957066343233805
2023020324,2023-11-27,TBL,0,2,2,1,0,21.75,W,4,1,,regular_season,2023-24,False,H,8476883,A. Vasilevskiy,2.0,False,1.2,3.2683,0.9098387350052248
2023020350,2023-11-30,ARI,1,0,1,0,7,25.516666666666666,L,3,4,,regular_season,2023-24,False,R,8478971,C. Ingram,3.0,False,1.6,3.3415,0.9110756760498664
2023020366,2023-12-02,ANA,0,1,1,1,6,29.58333333333333,L,3,4,,regular_season,2023-24,False,R,8476434,J. Gibson,2.0,False,1.4,3.5976,0.9029920168286739
2023020373,2023-12-03,LAK,0,1,1,-1,2,21.15,L,1,4,,regular_season,2023-24,False,R,8475660,C. Talbot,1.0,True,1.4,2.622,0.9040664743141037
2023020386,2023-12-05,ANA,1,2,3,2,5,22.75,W,3,2,,regular_season,2023-24,False,H,8476434,J. Gibson,2.0,False,1.4,3.5976,0.9029791332047187
2023020402,2023-12-07,WPG,1,1,2,-1,5,25.016666666666666,L,2,4,,regular_season,2023-24,False,H,8476945,C. Hellebuyck,2.0,False,1.6,2.4268,0.9090929310363599
2023020417,2023-12-09,PHI,1,0,1,-1,4,23.2,L,2,5,,regular_season,2023-24,False,H,8479394,C. Hart,2.0,False,1.6,3.1829,0.9064102202924132
2023020431,2023-12-11,CGY,1,1,2,-1,2,26.316666666666663,W,6,5,,regular_season,2023-24,False,H,8478435,D. Vladar,2.0,False,1.6,3.3049,0.8951969392110237
2023020445,2023-12-13,BUF,0,2,2,1,2,20.883333333333333,W,5,1,,regular_season,2023-24,False,H,8480045,U. Luukkonen,2.0,False,1.8,2.9756,0.9021737093726327
2023020467,2023-12-16,WPG,0,2,2,-1,4,25.633333333333333,L,2,6,,regular_season,2023-24,False,R,8476945,C. Hellebuyck,3.0,False,2.0,2.4268,0.9100927296512595
2023020477,2023-12-17,SJS,2,2,4,2,4,21.116666666666667,W,6,2,,regular_season,2023-24,False,H,8478406,M. Blackwood,1.0,True,1.8,4.0366,0.9014628903610966
2023020492,2023-12-19,CHI,0,1,1,0,3,22.433333333333334,L,2,3,,regular_season,2023-24,False,R,8475852,P. Mrazek,2.0,False,2.2,3.5366,0.9042559243991224
2023020507,2023-12-21,OTT,4,1,5,1,9,22.85,W,6,4,,regular_season,2023-24,False,H,8476914,J. Korpisalo,2.0,False,2.2,3.4268,0.9052505356215472
2023020525,2023-12-23,ARI,0,1,1,1,4,21.85,W,4,1,,regular_season,2023-24,False,H,8478971,C. Ingram,2.0,False,2.8,3.3415,0.9128214099552674
2023020537,2023-12-27,ARI,1,1,2,-1,4,24.6,L,4,5,,regular_season,2023-24,False,R,8478872,K. Vejmelka,4.0,False,2.6,3.3415,0.8987894576830626
2023020552,2023-12-29,STL,0,0,0,-1,2,23.616666666666667,W,2,1,,regular_season,2023-24,False,R,8476412,J. Binnington,2.0,False,2.6,3.0488,0.8985043296312429
2023020571,2023-12-31,SJS,0,2,2,1,3,25.83333333333333,W,3,1,,regular_season,2023-24,False,H,8478039,K. Kahkonen,2.0,False,1.8,4.0366,0.8977598423284316
2023020582,2024-01-02,NYI,1,2,3,-1,7,23.15,W,5,4,,regular_season,2023-24,False,H,8473575,S. Varlamov,2.0,False,2.0,3.2073,0.9073451079338379
2023020593,2024-01-04,DAL,2,1,3,4,7,26.78333333333333,W,5,4,,regular_season,2023-24,False,R,8475809,S. Wedgewood,2.0,False,1.6,2.8537,0.9047427084502713
2023020606,2024-01-06,FLA,0,1,1,-3,3,19.83333333333333,L,4,8,,regular_season,2023-24,False,H,8475683,S. Bobrovsky,2.0,False,2.0,2.439,0.909367218889877
2023020624,2024-01-08,BOS,0,1,1,-1,4,30.366666666666667,W,4,3,,regular_season,2023-24,False,H,8480280,J. Swayman,2.0,False,1.8,2.7317,0.9157036728708111
2023020637,2024-01-10,VGK,0,1,1,0,7,22.516666666666666,W,3,0,,regular_season,2023-24,False,H,8480238,J. Patera,2.0,False,2.0,2.9878,0.9043099922961859
2023020662,2024-01-13,TOR,1,1,2,1,5,24.933333333333334,W,5,3,,regular_season,2023-24,False,R,8474889,M. Jones,3.0,False,1.8,3.2073,0.8991527353346516
2023020678,2024-01-15,MTL,0,1,1,1,7,28.933333333333334,L,3,4,,regular_season,2023-24,False,R,8474596,J. Allen,2.0,False,1.6,3.5244,0.8994748419076357
2023020682,2024-01-16,OTT,0,2,2,1,1,22.28333333333333,W,7,4,,regular_season,2023-24,False,R,8481544,M. Sogaard,1.0,True,1.2,3.4268,0.8988831558548331
2023020692,2024-01-18,BOS,1,0,1,-1,6,21.8,L,2,5,,regular_season,2023-24,False,R,8480280,J. Swayman,2.0,False,1.4,2.7317,0.9144247615290271
2023020707,2024-01-20,PHI,2,2,4,3,4,23.5,W,7,4,,regular_season,2023-24,False,R,8479394,C. Hart,2.0,False,1.4,3.1829,0.9069357781172104
2023020742,2024-01-24,WSH,4,1,5,3,8,20.48333333333333,W,6,2,,regular_season,2023-24,False,H,8479292,C. Lindgren,4.0,False,2.0,3.1341,0.9070223588292541
2023020757,2024-01-26,LAK,1,1,2,1,3,19.05,W,5,1,,regular_season,2023-24,False,H,8475660,C. Talbot,2.0,False,2.6,2.622,0.9047822409199742
2023020781,2024-02-05,NYR,1,0,1,0,7,24.03333333333333,L,1,2,,regular_season,2023-24,False,R,8471734,J. Quick,10.0,False,2.8,2.7927,0.9028265491014257
2023020787,2024-02-06,NJD,0,0,0,-1,4,24.55,L,3,5,,regular_season,2023-24,False,R,8477970,V. Vanecek,1.0,True,2.6,3.4512,0.8933419378100127
2023020799,2024-02-08,CAR,0,0,0,-1,4,24.133333333333333,L,2,5,,regular_season,2023-24,False,R,8481611,P. Kochetkov,2.0,False,2.4,2.6341,0.8997078253786485
2023020809,2024-02-10,FLA,0,0,0,0,1,18.316666666666663,L,0,4,,regular_season,2023-24,False,R,8475683,S. Bobrovsky,2.0,False,1.6,2.439,0.9072697965674645
2023020828,2024-02-13,WSH,0,2,2,0,5,24.08333333333333,W,6,3,,regular_season,2023-24,False,R,8479292,C. Lindgren,3.0,False,0.6,3.1341,0.9042319001689603
2023020842,2024-02-15,TBL,0,2,2,-1,5,23.916666666666668,L,3,6,,regular_season,2023-24,False,R,8476883,A. Vasilevskiy,2.0,False,0.6,3.2683,0.9020943403371666
2023020864,2024-02-18,ARI,1,1,2,0,9,23.55,W,4,3,,regular_season,2023-24,False,H,8478872,K. Vejmelka,3.0,False,0.8,3.3415,0.8950115446296193
2023020881,2024-02-20,VAN,0,1,1,0,10,24.0,W,3,1,,regular_season,2023-24,False,H,8477967,T. Demko,2.0,False,1.2,2.7195,0.9127818971264403
2023020890,2024-02-22,DET,1,0,1,0,11,24.166666666666668,L,1,2,,regular_season,2023-24,False,R,8479312,A. Lyon,2.0,False,1.4,3.3415,0.9091359503903159
2023020908,2024-02-24,TOR,0,3,3,2,2,23.28333333333333,L,3,4,,regular_season,2023-24,False,H,8478492,I. Samsonov,2.0,False,1.6,3.2073,0.90098938717085
2023020936,2024-02-27,DAL,1,1,2,2,6,19.78333333333333,W,5,1,,regular_season,2023-24,False,H,8479979,J. Oettinger,3.0,False,1.8,2.8537,0.9015672126639661
2023020949,2024-02-29,CHI,1,1,2,1,4,19.25,W,5,0,,regular_season,2023-24,False,R,8475852,P. Mrazek,2.0,False,1.8,3.5366,0.9065746792588967
2023020959,2024-03-02,NSH,1,0,1,-1,4,21.05,L,1,5,,regular_season,2023-24,False,R,8477424,J. Saros,2.0,False,1.8,3.0244,0.9090504149068788
2023020979,2024-03-04,CHI,2,2,4,3,6,21.316666666666663,W,5,0,,regular_season,2023-24,False,H,8475852,P. Mrazek,2.0,False,1.8,3.5366,0.905672717793687
2023020991,2024-03-06,DET,1,3,4,3,8,21.8,W,7,2,,regular_season,2023-24,False,H,8479312,A. Lyon,2.0,False,2.4,3.3415,0.9090102617157712
2023021006,2024-03-08,MIN,0,2,2,1,6,25.183333333333334,W,2,1,,regular_season,2023-24,False,H,8479406,F. Gustavsson,2.0,False,2.6,3.2073,0.9017655554201808
2023021039,2024-03-12,CGY,1,1,2,3,5,17.95,W,6,2,,regular_season,2023-24,False,R,8478435,D. Vladar,4.0,False,2.6,3.3049,0.8968439506184982
2023021044,2024-03-13,VAN,1,1,2,-1,3,23.133333333333333,W,4,3,,regular_season,2023-24,False,R,8479193,C. DeSmith,1.0,True,2.6,2.7195,0.9000254810389627
2023021070,2024-03-16,EDM,0,1,1,1,6,24.716666666666665,W,3,2,,regular_season,2023-24,False,R,8479973,S. Skinner,3.0,False,2.8,2.8902,0.9045490490997923
2023021089,2024-03-19,STL,0,1,1,1,3,24.05,W,4,3,,regular_season,2023-24,False,R,8476412,J. Binnington,3.0,False,2.2,3.0488,0.9089652865709481
2023021111,2024-03-22,CBJ,1,1,2,1,7,19.78333333333333,W,6,1,,regular_season,2023-24,False,H,8478007,E. Merzlikins,3.0,False,1.6,3.6585,0.9001196146811212
2023021125,2024-03-24,PIT,1,2,3,1,6,24.866666666666667,W,5,4,,regular_season,2023-24,False,H,8477968,A. Nedeljkovic,2.0,False,1.6,3.061,0.9055512937313821
2023021144,2024-03-26,MTL,1,0,1,0,4,24.48333333333333,L,1,2,,regular_season,2023-24,False,H,8478470,S. Montembeault,2.0,False,1.8,3.5244,0.9015112540346522
2023021159,2024-03-28,NYR,0,0,0,1,5,27.883333333333333,L,2,3,,regular_season,2023-24,False,H,8478048,I. Shesterkin,2.0,False,1.6,2.7927,0.9113940491894514
2023021169,2024-03-30,NSH,2,2,4,1,5,23.316666666666663,W,7,4,,regular_season,2023-24,False,H,8480947,K. Lankinen,2.0,False,1.4,3.0244,0.904973624709223
2023021181,2024-04-01,CBJ,0,0,0,-1,9,26.366666666666667,L,1,4,,regular_season,2023-24,False,R,8480193,D. Tarasov,2.0,False,2.0,3.6585,0.9043978254115264
2023021207,2024-04-04,MIN,1,2,3,3,5,20.45,W,5,2,,regular_season,2023-24,False,R,8479406,F. Gustavsson,3.0,False,1.6,3.2073,0.9039000911170572
2023021214,2024-04-05,EDM,0,1,1,-2,4,22.48333333333333,L,2,6,,regular_season,2023-24,False,R,8479973,S. Skinner,1.0,True,1.6,2.8902,0.904094487362503
2023021236,2024-04-07,DAL,0,2,2,0,8,24.95,L,4,7,,regular_season,2023-24,False,H,8479979,J. Oettinger,2.0,False,1.6,2.8537,0.9031879346435494
2023021248,2024-04-09,MIN,3,1,4,4,10,19.0,W,5,2,,regular_season,2023-24,False,H,8479406,F. Gustavsson,2.0,False,2.0,3.2073,0.9032819340498711
2023021272,2024-04-13,WPG,0,0,0,-2,4,21.2,L,0,7,,regular_season,2023-24,False,H,8476945,C. Hellebuyck,4.0,False,2.0,2.4268,0.9127299684976051
2023021284,2024-04-14,VGK,0,1,1,-1,4,19.8,L,3,4,,regular_season,2023-24,False,R,8478499,A. Hill,1.0,True,2.0,2.9878,0.9123091491958449
2023021310,2024-04-18,EDM,0,2,2,1,1,17.65,W,5,1,,regular_season,2023-24,False,H,8479973,S. Skinner,4.0,False,1.6,2.8902,0.9033614119260935
2023030161,2024-04-21,WPG,1,1,2,-1,4,24.183333333333334,L,6,7,1.0,first_round,2023-24,False,R,8476945,C. Hellebuyck,3.0,False,1.8,2.4268,0.913634932097651
2023030162,2024-04-23,WPG,0,1,1,3,2,22.98333333333333,W,5,2,2.0,first_round,2023-24,False,R,8476945,C. Hellebuyck,2.0,False,1.8,2.4268,0.9131914926969495
2023030163,2024-04-26,WPG,1,1,2,-1,8,22.633333333333333,W,6,2,3.0,first_round,2023-24,False,H,8476945,C. Hellebuyck,3.0,False,1.2,2.4268,0.9128899586625504
2023030164,2024-04-28,WPG,0,2,2,1,3,20.933333333333334,W,5,1,4.0,first_round,2023-24,False,H,8476945,C. Hellebuyck,2.0,False,1.6,2.4268,0.9129451234848129
2023030165,2024-04-30,WPG,0,2,2,3,7,21.716666666666665,W,6,3,5.0,first_round,2023-24,False,R,8476945,C. Hellebuyck,2.0,False,1.8,2.4268,0.9124864196358881
2023030231,2024-05-07,DAL,1,1,2,0,4,26.9,W,4,3,1.0,second_round,2023-24,False,R,8479979,J. Oettinger,7.0,False,1.8,2.8537,0.9038903244702757
2023030232,2024-05-09,DAL,0,0,0,-1,3,23.25,L,3,5,2.0,second_round,2023-24,False,R,8479979,J. Oettinger,2.0,False,1.8,2.8537,0.9037726576814394
2023030233,2024-05-11,DAL,0,1,1,-2,3,23.916666666666668,L,1,4,3.0,second_round,2023-24,False,H,8479979,J. Oettinger,2.0,False,1.6,2.8537,0.9034036435153587
2023030234,2024-05-13,DAL,0,0,0,-3,4,23.316666666666663,L,1,5,4.0,second_round,2023-24,False,H,8479979,J. Oettinger,2.0,False,1.4,2.8537,0.9047859345975441
2023030235,2024-05-15,DAL,1,1,2,1,2,24.33333333333333,W,5,3,5.0,second_round,2023-24,True,R,8479979,J. Oettinger,2.0,False,1.0,2.8537,0.904858346915649
2023030236,2024-05-17,DAL,0,0,0,-1,6,36.53333333333333,L,1,2,6.0,second_round,2023-24,True,H,8479979,J. Oettinger,2.0,False,1.0,2.8537,0.9040234159568806
2024020010,2024-10-09,VGK,0,2,2,-2,4,21.55,L,4,8,,regular_season,2024-25,False,R,8478499,A. Hill,,False,,2.6914,0.9071361503682331
2024020034,2024-10-12,CBJ,1,1,2,1,3,23.383333333333333,L,4,6,,regular_season,2024-25,False,H,8480193,D. Tarasov,3.0,False,2.0,3.2963,0.9054937885806368
2024020047,2024-10-14,NYI,0,1,1,-3,5,23.0,L,2,6,,regular_season,2024-25,False,H,8478009,I. Sorokin,2.0,False,2.0,3.1358,0.9057465774547369
2024020059,2024-10-16,BOS,0,2,2,-2,1,23.8,L,3,5,,regular_season,2024-25,False,H,8476914,J. Korpisalo,2.0,False,1.6666666666666667,3.3171,0.8941272022039279
2024020074,2024-10-18,ANA,1,1,2,1,9,23.8,W,4,3,,regular_season,2024-25,False,H,8480843,L. Dostal,2.0,False,1.75,3.2222,0.9028237036116512
2024020089,2024-10-20,SJS,0,2,2,2,3,20.0,W,4,1,,regular_season,2024-25,False,R,8477970,V. Vanecek,2.0,False,1.8,3.8519,0.8969027095757611
2024020106,2024-10-22,SEA,1,0,1,0,2,21.85,W,3,2,,regular_season,2024-25,False,R,8475831,P. Grubauer,2.0,False,1.8,3.2317,0.9005712185210969
2024020115,2024-10-24,UTA,0,1,1,1,3,20.95,W,5,1,,regular_season,2024-25,False,R,8478872,K. Vejmelka,2.0,False,1.6,3.061,0.8972759952485639
2024020139,2024-10-27,OTT,1,1,2,1,5,23.23333333333333,W,5,4,,regular_season,2024-25,False,H,8476341,A. Forsberg,3.0,False,1.6,2.8272,0.8986347146836916
2024020144,2024-10-28,CHI,1,0,1,-4,1,24.95,L,2,5,,regular_season,2024-25,False,H,8475852,P. Mrazek,1.0,True,1.6,3.6098,0.903834749411423
2024020157,2024-10-30,TBL,0,2,2,0,2,24.966666666666665,L,2,5,,regular_season,2024-25,False,H,8476883,A. Vasilevskiy,2.0,False,1.4,2.6543,0.9010753151172273
2024020182,2024-11-02,NSH,1,1,2,-1,6,22.53333333333333,L,2,5,,regular_season,2024-25,False,R,8477424,J. Saros,3.0,False,1.4,3.3704,0.9036269070288586
2024020202,2024-11-05,SEA,0,5,5,3,4,24.35,W,6,3,,regular_season,2024-25,False,H,8475831,P. Grubauer,3.0,False,1.6,3.2317,0.8998565632941222
2024020217,2024-11-07,WPG,0,0,0,0,4,24.48333333333333,L,0,1,,regular_season,2024-25,False,R,8476945,C. Hellebuyck,2.0,False,2.4,2.3457,0.9145062493857995
2024020233,2024-11-09,CAR,1,3,4,3,7,26.316666666666663,W,6,4,,regular_season,2024-25,False,H,8477484,S. Martin,2.0,False,2.0,2.775,0.895725028205549
2024020243,2024-11-11,NSH,0,1,1,1,5,24.48333333333333,W,3,2,,regular_season,2024-25,False,H,8477424,J. Saros,2.0,False,2.6,3.3704,0.9069266431014246
2024020255,2024-11-13,LAK,0,3,3,3,3,24.75,W,4,2,,regular_season,2024-25,False,H,8475311,D. Kuemper,2.0,False,2.4,2.4815,0.8978827573892865
2024020268,2024-11-15,WSH,0,0,0,-2,0,22.1,L,2,5,,regular_season,2024-25,False,H,8479292,C. Lindgren,2.0,False,2.6,2.8025,0.9034988930147612
2024020289,2024-11-18,PHI,0,1,1,0,2,22.65,W,3,2,,regular_season,2024-25,False,R,8482783,A. Kolosov,3.0,False,1.6,3.4691,0.9003946571344511
2024020310,2024-11-21,WSH,0,0,0,0,3,22.266666666666666,W,2,1,,regular_season,2024-25,False,R,8480313,L. Thompson,3.0,False,1.8,2.8025,0.9063462766925661
2024020321,2024-11-23,FLA,0,1,1,3,2,22.4,W,7,4,,regular_season,2024-25,False,R,8475683,S. Bobrovsky,2.0,False,1.0,2.7195,0.9082770365294391
2024020334,2024-11-25,TBL,0,0,0,-3,0,21.85,L,2,8,,regular_season,2024-25,False,R,8476883,A. Vasilevskiy,2.0,False,1.0,2.6543,0.9028339606576943
2024020358,2024-11-27,VGK,0,0,0,1,10,27.08333333333333,W,2,1,,regular_season,2024-25,False,H,8478499,A. Hill,2.0,False,0.4,2.6914,0.8987000802420047
2024020373,2024-11-29,DAL,0,1,1,-1,5,26.03333333333333,L,3,5,,regular_season,2024-25,False,R,8479979,J. Oettinger,2.0,False,0.4,2.7037,0.905148170301761
2024020385,2024-11-30,EDM,0,0,0,-2,7,23.48333333333333,L,1,4,,regular_season,2024-25,False,H,8479973,S. Skinner,1.0,True,0.4,2.9136,0.9040492674886339
2024020397,2024-12-03,BUF,2,1,3,1,9,23.55,W,5,4,,regular_season,2024-25,False,R,8480045,U. Luukkonen,3.0,False,0.4,3.5185,0.9077042687119817
2024020415,2024-12-05,CAR,0,1,1,0,3,25.08333333333333,L,3,5,,regular_season,2024-25,False,R,8481611,P. Kochetkov,2.0,False,0.8,2.775,0.9081988773738021
2024020432,2024-12-07,DET,0,1,1,-1,2,22.78333333333333,W,2,1,,regular_season,2024-25,False,R,8478024,V. Husso,2.0,False,1.0,3.1625,0.9017052796449394
2024020440,2024-12-08,NJD,0,0,0,0,6,21.766666666666666,W,4,0,,regular_season,2024-25,False,R,8474596,J. Allen,1.0,True,1.2,2.679,0.8995642143170749
2024020447,2024-12-10,PIT,1,4,5,4,3,17.6,W,6,2,,regular_season,2024-25,False,R,8477465,T. Jarry,2.0,False,1.0,3.5926,0.8966151443478828
2024020469,2024-12-12,UTA,1,0,1,-1,4,23.616666666666667,L,1,4,,regular_season,2024-25,False,H,8478872,K. Vejmelka,2.0,False,2.0,3.061,0.9031820519208775
2024020484,2024-12-14,NSH,2,1,3,3,3,21.433333333333334,W,5,2,,regular_season,2024-25,False,H,8477424,J. Saros,2.0,False,1.6,3.3704,0.9043641966331185
2024020496,2024-12-16,VAN,0,0,0,-1,4,25.016666666666666,L,1,3,,regular_season,2024-25,False,R,8477967,T. Demko,2.0,False,2.0,3.0741,0.9056575696819742
2024020520,2024-12-19,SJS,0,2,2,-1,3,23.3,W,4,2,,regular_season,2024-25,False,R,8480382,A. Georgiev,3.0,False,1.8,3.8519,0.8948197231266589
2024020527,2024-12-20,ANA,1,2,3,2,3,18.816666666666663,W,4,2,,regular_season,2024-25,False,R,8476434,J. Gibson,1.0,True,2.2,3.2222,0.8924673853823192
2024020543,2024-12-22,SEA,0,2,2,0,2,20.933333333333334,W,5,2,,regular_season,2024-25,False,H,8478916,J. Daccord,2.0,False,1.8,3.2317,0.910821716456867
2024020564,2024-12-27,UTA,0,3,3,3,4,19.133333333333333,W,4,1,,regular_season,2024-25,False,R,8478872,K. Vejmelka,5.0,False,2.0,3.061,0.9026999363484699
2024020597,2024-12-31,WPG,0,1,1,2,6,23.2,W,5,2,,regular_season,2024-25,False,H,8477480,E. Comrie,4.0,False,2.0,2.3457,0.9020013764663086
2024020610,2025-01-02,BUF,0,3,3,2,3,26.266666666666666,W,6,5,,regular_season,2024-25,False,H,8480045,U. Luukkonen,2.0,False,2.2,3.5185,0.9072516428290466
2024020626,2025-01-04,MTL,0,1,1,0,2,25.4,L,1,2,,regular_season,2024-25,False,H,8482487,J. Dobes,2.0,False,2.4,3.2469,0.9058619809855235
2024020639,2025-01-06,FLA,0,1,1,1,3,23.416666666666668,W,3,1,,regular_season,2024-25,False,H,8475683,S. Bobrovsky,2.0,False,2.0,2.7195,0.9063634446229312
2024020651,2025-01-08,CHI,0,0,0,0,2,27.316666666666663,L,1,3,,regular_season,2024-25,False,R,8475852,P. Mrazek,2.0,False,1.8,3.6098,0.9031788209483728
2024020662,2025-01-09,MIN,1,1,2,2,5,19.73333333333333,W,6,1,,regular_season,2024-25,False,R,8479406,F. Gustavsson,1.0,True,1.2,2.9146,0.9075534974927725
2024020678,2025-01-11,WPG,0,0,0,-1,3,24.28333333333333,L,0,3,,regular_season,2024-25,False,R,8476945,C. Hellebuyck,2.0,False,1.4,2.3457,0.9126727569932992
2024020703,2025-01-14,NYR,0,2,2,1,4,25.116666666666667,W,3,2,,regular_season,2024-25,False,H,8478048,I. Shesterkin,3.0,False,0.8,3.1481,0.9125288860097098
2024020718,2025-01-16,EDM,2,0,2,0,3,21.2,L,3,4,,regular_season,2024-25,False,H,8479973,S. Skinner,2.0,False,1.0,2.9136,0.9033308128643684
2024020724,2025-01-18,DAL,0,1,1,0,3,20.75,W,6,3,,regular_season,2024-25,False,H,8479193,C. DeSmith,2.0,False,1.2,2.7037,0.8983405121385997
2024020741,2025-01-20,MIN,1,0,1,1,6,25.95,L,1,3,,regular_season,2024-25,False,H,8470594,M. Fleury,2.0,False,1.4,2.9146,0.9007665236715118
2024020759,2025-01-22,WPG,1,0,1,0,7,23.98333333333333,L,2,3,,regular_season,2024-25,False,H,8476945,C. Hellebuyck,2.0,False,1.2,2.3457,0.9121889422825252
2024020776,2025-01-25,BOS,0,0,0,-1,8,23.8,L,1,3,,regular_season,2024-25,False,R,8480280,J. Swayman,3.0,False,1.4,3.3171,0.9043721716968041
2024020789,2025-01-26,NYR,0,2,2,-1,1,18.58333333333333,W,5,4,,regular_season,2024-25,False,R,8478048,I. Shesterkin,1.0,True,1.0,3.1481,0.9155712000966705
2024020803,2025-01-28,NYI,0,1,1,0,7,23.883333333333333,L,2,5,,regular_season,2024-25,False,R,8478009,I. Sorokin,2.0,False,1.0,3.1358,0.903396289048042
2024020824,2025-01-31,STL,0,1,1,1,4,20.5,W,5,0,,regular_season,2024-25,False,H,8480981,J. Hofer,3.0,False,1.0,2.8415,0.9066020284417664
2024020836,2025-02-02,PHI,1,0,1,0,4,24.45,W,2,0,,regular_season,2024-25,False,H,8481035,S. Ersson,2.0,False,1.0,3.4691,0.8936352998527121
2024020855,2025-02-04,VAN,0,0,0,-1,5,21.75,L,0,3,,regular_season,2024-25,False,R,8477967,T. Demko,2.0,False,1.0,3.0741,0.8994526115955309
2024020868,2025-02-06,CGY,0,3,3,2,2,22.78333333333333,W,4,2,,regular_season,2024-25,False,R,8481692,D. Wolf,2.0,False,1.0,2.9259,0.9059366962704711
2024020874,2025-02-07,EDM,1,3,4,2,7,22.3,W,5,4,,regular_season,2024-25,False,R,8479973,S. Skinner,1.0,True,1.2,2.9136,0.9013927478303152
2024020898,2025-02-22,NSH,0,0,0,-1,8,21.0,L,1,2,,regular_season,2024-25,False,R,8477424,J. Saros,15.0,False,1.8,3.3704,0.9024528787990912
2024020910,2025-02-23,STL,0,0,0,0,3,20.8,L,1,3,,regular_season,2024-25,False,R,8476412,J. Binnington,1.0,True,1.6,2.8415,0.903138585274579
2024020931,2025-02-26,NJD,2,1,3,1,7,21.2,W,5,1,,regular_season,2024-25,False,H,8474596,J. Allen,3.0,False,1.4,2.679,0.9037008372316517
2024020947,2025-02-28,MIN,0,1,1,0,2,21.28333333333333,W,5,2,,regular_season,2024-25,False,H,8479406,F. Gustavsson,2.0,False,2.0,2.9146,0.9086633307622605
2024020980,2025-03-04,PIT,0,2,2,1,2,21.0,W,4,1,,regular_season,2024-25,False,H,8477968,A. Nedeljkovic,4.0,False,1.6,3.5926,0.8961127217659067
2024020996,2025-03-06,SJS,2,3,5,3,8,18.05,W,7,3,,regular_season,2024-25,False,H,8480382,A. Georgiev,2.0,False,1.2,3.8519,0.8905296303934542
2024021007,2025-03-08,TOR,2,0,2,1,3,25.466666666666665,W,7,4,,regular_season,2024-25,False,H,8476932,A. Stolarz,2.0,False,2.2,2.8148,0.9129722662533515
2024021023,2025-03-10,CHI,0,2,2,2,6,23.966666666666665,W,3,0,,regular_season,2024-25,False,H,8481519,S. Knight,2.0,False,2.6,3.6098,0.9060649340537077
2024021030,2025-03-11,MIN,0,0,0,-1,2,25.616666666666667,L,1,2,,regular_season,2024-25,False,R,8479406,F. Gustavsson,1.0,True,2.4,2.9146,0.9103616958395685
2024021052,2025-03-14,CGY,0,0,0,1,2,19.95,W,4,2,,regular_season,2024-25,False,R,8481692,D. Wolf,3.0,False,2.2,2.9259,0.9078111583816049
2024021067,2025-03-16,DAL,0,1,1,1,4,22.33333333333333,W,4,3,,regular_season,2024-25,False,H,8479979,J. Oettinger,2.0,False,1.8,2.7037,0.9096131428775565
2024021087,2025-03-19,TOR,0,1,1,-1,6,23.433333333333334,L,1,2,,regular_season,2024-25,False,R,8479361,J. Woll,3.0,False,1.0,2.8148,0.9041850735499396
2024021089,2025-03-20,OTT,1,0,1,1,3,17.55,W,5,1,,regular_season,2024-25,False,R,8476999,L. Ullmark,1.0,True,0.8,2.8272,0.9068250503497394
2024021112,2025-03-22,MTL,0,0,0,-2,6,22.15,W,5,4,,regular_season,2024-25,False,R,8478470,S. Montembeault,2.0,False,0.6,3.2469,0.9006177128427835
2024021136,2025-03-25,DET,1,1,2,2,1,18.4,W,5,2,,regular_season,2024-25,False,H,8479312,A. Lyon,3.0,False,0.6,3.1625,0.9012537336983084
2024021149,2025-03-27,LAK,0,1,1,0,2,20.9,W,4,0,,regular_season,2024-25,False,H,8479496,D. Rittich,2.0,False,1.0,2.4815,0.8970575045909336
2024021161,2025-03-29,STL,1,0,1,0,4,22.05,L,1,2,,regular_season,2024-25,False,H,8476412,J. Binnington,2.0,False,1.0,2.8415,0.901429899680866
2024021180,2025-03-31,CGY,0,1,1,0,3,23.466666666666665,L,2,3,,regular_season,2024-25,False,H,8478435,D. Vladar,2.0,False,1.0,2.9259,0.8974765405910857
2024021195,2025-04-02,CHI,0,1,1,1,6,28.3,W,3,2,,regular_season,2024-25,False,R,8481519,S. Knight,2.0,False,1.0,3.6098,0.9008104762812742
2024021199,2025-04-03,CBJ,1,2,3,0,2,17.516666666666666,W,7,3,,regular_season,2024-25,False,R,8478007,E. Merzlikins,1.0,True,1.2,3.2963,0.8968185510153467
2024021218,2025-04-05,STL,1,0,1,-2,7,25.48333333333333,L,4,5,,regular_season,2024-25,False,R,8476412,J. Binnington,2.0,False,1.4,2.8415,0.9022585614170818
2024021244,2025-04-08,VGK,0,1,1,-1,6,25.933333333333334,W,3,2,,regular_season,2024-25,False,H,8481033,A. Schmid,3.0,False,1.4,2.6914,0.9026313639912458
2024030161,2025-04-19,DAL,2,1,3,2,7,20.166666666666668,W,5,1,1.0,first_round,2024-25,False,R,8479979,J. Oettinger,11.0,False,1.4,2.7037,0.9068124111412069
2024030162,2025-04-21,DAL,1,0,1,1,4,24.883333333333333,L,3,4,2.0,first_round,2024-25,False,R,8479979,J. Oettinger,2.0,False,1.8,2.7037,0.9062246717359111
2024030163,2025-04-23,DAL,0,0,0,-1,9,29.366666666666667,L,1,2,3.0,first_round,2024-25,False,H,8479979,J. Oettinger,2.0,False,1.8,2.7037,0.9072151713693501
2024030164,2025-04-26,DAL,1,0,1,0,4,19.616666666666667,W,4,0,4.0,first_round,2024-25,False,H,8479979,J. Oettinger,3.0,False,1.2,2.7037,0.9076146944782498
2024030165,2025-04-28,DAL,1,1,2,0,7,20.933333333333334,L,2,6,5.0,first_round,2024-25,False,R,8479979,J. Oettinger,2.0,False,1.2,2.7037,0.9072905180394004
2024030166,2025-05-01,DAL,1,2,3,3,2,22.53333333333333,W,7,4,6.0,first_round,2024-25,True,H,8479979,J. Oettinger,3.0,False,1.4,2.7037,0.9070912595438707
2024030167,2025-05-03,DAL,1,0,1,0,6,22.4,L,2,4,7.0,first_round,2024-25,True,R,8479979,J. Oettinger,2.0,False,1.4,2.7037,0.9066752643142658
2025020003,2025-10-07,LAK,0,2,2,2,2,20.78333333333333,W,4,1,,regular_season,2025-26,False,R,8475311,D. Kuemper,,False,,3.0123,0.9098850227267932
2025020018,2025-10-09,UTA,1,0,1,0,4,21.266666666666666,W,2,1,,regular_season,2025-26,False,H,8478872,K. Vejmelka,2.0,False,2.0,2.9012,0.9024131444460639
2025020034,2025-10-11,DAL,1,2,3,2,4,25.016666666666666,L,4,5,,regular_season,2025-26,False,H,8479979,J. Oettinger,2.0,False,1.5,2.7561,0.904708864552363
2025020039,2025-10-13,BUF,2,0,2,2,5,21.78333333333333,W,3,1,,regular_season,2025-26,False,R,8479312,A. Lyon,2.0,False,2.0,2.939,0.8993247797176082
2025020067,2025-10-16,CBJ,0,0,0,1,2,18.4,W,4,1,,regular_season,2025-26,False,R,8478007,E. Merzlikins,3.0,False,2.0,3.0854,0.8965207747968438
2025020085,2025-10-18,BOS,2,0,2,3,8,23.28333333333333,W,4,1,,regular_season,2025-26,False,H,8480280,J. Swayman,2.0,False,1.6,3.0488,0.8960071221966676
2025020107,2025-10-21,UTA,0,0,0,-1,8,20.85,L,3,4,,regular_season,2025-26,False,R,8478872,K. Vejmelka,3.0,False,1.6,2.9012,0.9027221308703028
2025020121,2025-10-23,CAR,0,1,1,-2,4,25.416666666666668,L,4,5,,regular_season,2025-26,False,H,8475883,F. Andersen,2.0,False,1.4,2.9268,0.8988528260919247
2025020128,2025-10-25,BOS,0,2,2,2,3,21.633333333333333,L,2,3,,regular_season,2025-26,False,R,8480280,J. Swayman,2.0,False,1.0,3.0488,0.8949690037540945
2025020140,2025-10-26,NJD,1,0,1,-1,4,21.65,L,3,4,,regular_season,2025-26,False,R,8474596,J. Allen,1.0,True,1.0,3.0976,0.9060520893687126
2025020161,2025-10-28,NJD,2,1,3,-1,5,19.933333333333334,W,8,4,,regular_season,2025-26,False,H,8474593,J. Markstrom,2.0,False,1.2,3.0976,0.900141659782067
2025020178,2025-10-31,VGK,0,1,1,3,2,20.15,W,4,2,,regular_season,2025-26,False,R,8482761,C. Lindbom,3.0,False,1.4,3.0488,0.9006860594231506
2025020184,2025-11-01,SJS,1,0,1,0,4,22.28333333333333,L,2,3,,regular_season,2025-26,False,R,8482137,Y. Askarov,1.0,True,1.6,3.5926,0.8925937452578666
2025020209,2025-11-04,TBL,0,1,1,-1,6,22.0,W,3,2,,regular_season,2025-26,False,H,8476883,A. Vasilevskiy,3.0,False,1.6,2.8171,0.910779430650537
2025020240,2025-11-08,EDM,2,2,4,4,6,19.766666666666666,W,9,1,,regular_season,2025-26,False,R,8479973,S. Skinner,4.0,False,1.4,3.3086,0.8975170454947834
2025020250,2025-11-09,VAN,2,3,5,0,4,20.05,W,5,4,,regular_season,2025-26,False,R,8480947,K. Lankinen,1.0,True,2.0,3.8272,0.8968535373547385
2025020262,2025-11-11,ANA,0,3,3,2,3,20.98333333333333,W,4,1,,regular_season,2025-26,False,H,8480843,L. Dostal,2.0,False,2.4,3.5062,0.8991633020541903
2025020275,2025-11-13,BUF,0,1,1,3,8,21.066666666666663,W,6,3,,regular_season,2025-26,False,H,8479312,A. Lyon,2.0,False,2.8,2.939,0.8990522063434654
2025020300,2025-11-16,NYI,0,0,0,1,3,21.316666666666663,W,4,1,,regular_season,2025-26,False,H,8478009,I. Sorokin,3.0,False,2.8,2.939,0.9020349259921286
2025020326,2025-11-20,NYR,2,1,3,3,4,25.15,W,6,3,,regular_season,2025-26,False,H,8478048,I. Shesterkin,4.0,False,2.6,3.0488,0.902732811336574
2025020343,2025-11-22,NSH,1,0,1,1,1,21.183333333333334,W,3,0,,regular_season,2025-26,False,R,8477424,J. Saros,2.0,False,2.4,3.2593,0.8920870623023696
2025020350,2025-11-23,CHI,0,0,0,0,4,24.48333333333333,W,1,0,,regular_season,2025-26,False,R,8481519,S. Knight,1.0,True,1.6,3.3537,0.9045116820983599
2025020371,2025-11-26,SJS,1,1,2,3,5,18.316666666666663,W,6,0,,regular_season,2025-26,False,H,8482137,Y. Askarov,3.0,False,1.0,3.5926,0.900443361623232
2025020378,2025-11-28,MIN,1,1,2,2,4,23.966666666666665,L,2,3,,regular_season,2025-26,False,R,8482661,J. Wallstedt,2.0,False,1.2,2.9268,0.9037334413771192
2025020392,2025-11-29,MTL,1,2,3,2,5,14.816666666666666,W,7,2,,regular_season,2025-26,False,H,8482487,J. Dobes,1.0,True,1.6,3.122,0.9004606233942878
2025020417,2025-12-02,VAN,2,0,2,2,6,22.25,W,3,1,,regular_season,2025-26,False,H,8480947,K. Lankinen,3.0,False,1.6,3.8272,0.8958989115225083
2025020430,2025-12-04,NYI,0,0,0,0,6,22.166666666666668,L,3,6,,regular_season,2025-26,False,R,8478009,I. Sorokin,2.0,False,1.8,2.939,0.9019973087984902
2025020441,2025-12-06,NYR,2,0,2,3,7,24.933333333333334,W,3,2,,regular_season,2025-26,False,R,8478048,I. Shesterkin,2.0,False,1.8,3.0488,0.9036355689836023
2025020453,2025-12-07,PHI,0,1,1,0,6,22.883333333333333,W,3,2,,regular_season,2025-26,False,R,8481035,S. Ersson,1.0,True,1.8,2.9634,0.886792595603343
2025020475,2025-12-09,NSH,0,2,2,0,7,28.366666666666667,L,3,4,,regular_season,2025-26,False,R,8477424,J. Saros,2.0,False,1.6,3.2593,0.8923494575259102
2025020490,2025-12-11,FLA,1,1,2,2,7,19.566666666666663,W,6,2,,regular_season,2025-26,False,H,8480193,D. Tarasov,2.0,False,1.4,3.3659,0.9018856420570656
2025020506,2025-12-13,NSH,1,1,2,3,3,23.48333333333333,W,4,2,,regular_season,2025-26,False,H,8481020,J. Annunen,2.0,False,1.4,3.2593,0.8876145324390678
2025020528,2025-12-16,SEA,2,1,3,3,6,23.5,W,5,3,,regular_season,2025-26,False,R,8475831,P. Grubauer,3.0,False,1.8,3.2222,0.8931133880417824
2025020546,2025-12-19,WPG,0,1,1,0,1,24.35,W,3,2,,regular_season,2025-26,False,H,8476945,C. Hellebuyck,3.0,False,2.0,3.1358,0.9074730817198192
2025020563,2025-12-21,MIN,2,0,2,2,4,22.55,W,5,1,,regular_season,2025-26,False,R,8482661,J. Wallstedt,2.0,False,2.0,2.9268,0.9080097753756982
2025020584,2025-12-23,UTA,0,0,0,0,1,21.75,W,1,0,,regular_season,2025-26,False,H,8477970,V. Vanecek,2.0,False,2.0,2.9012,0.8920728838718608
2025020600,2025-12-27,VGK,1,2,3,2,9,25.466666666666665,W,6,5,,regular_season,2025-26,False,R,8479394,C. Hart,4.0,False,1.6,3.0488,0.9002507895281789
2025020611,2025-12-29,LAK,1,1,2,1,2,21.133333333333333,W,5,2,,regular_season,2025-26,False,H,8476341,A. Forsberg,2.0,False,1.8,3.0123,0.9026634381739371
2025020629,2025-12-31,STL,2,2,4,3,7,17.2,W,6,1,,regular_season,2025-26,False,H,8476412,J. Binnington,2.0,False,1.6,3.1481,0.8948977568222242
2025020653,2026-01-03,CAR,1,3,4,0,2,20.066666666666663,W,5,3,,regular_season,2025-26,False,R,8475883,F. Andersen,3.0,False,2.2,2.9268,0.8916848653371254
2025020659,2026-01-04,FLA,0,0,0,-1,5,23.2,L,1,2,,regular_season,2025-26,False,R,8480193,D. Tarasov,1.0,True,2.6,3.3659,0.9003727198331647
2025020668,2026-01-06,TBL,0,0,0,-2,5,22.616666666666667,L,2,4,,regular_season,2025-26,False,R,8476883,A. Vasilevskiy,2.0,False,2.6,2.8171,0.9103856753723856
2025020691,2026-01-08,OTT,1,3,4,0,5,17.233333333333334,W,8,2,,regular_season,2025-26,False,H,8482447,L. Meriläinen,2.0,False,2.0,3.0,0.8976704057138601
2025020699,2026-01-10,CBJ,0,0,0,0,8,20.133333333333333,W,4,0,,regular_season,2025-26,False,H,8478007,E. Merzlikins,2.0,False,2.4,3.0854,0.8931677871741307
2025020723,2026-01-12,TOR,0,3,3,1,3,24.666666666666668,L,3,4,,regular_season,2025-26,False,H,8479361,J. Woll,2.0,False,1.6,3.6463,0.90350573892092
2025020752,2026-01-16,NSH,0,1,1,-2,4,20.616666666666667,L,3,7,,regular_season,2025-26,False,H,8477424,J. Saros,4.0,False,1.4,3.2593,0.8944098319723193
2025020771,2026-01-19,WSH,2,1,3,2,10,22.45,W,5,2,,regular_season,2025-26,False,H,8479292,C. Lindgren,3.0,False,1.6,2.9756,0.8930293563426355
2025020789,2026-01-21,ANA,0,0,0,-1,3,29.3,L,1,2,,regular_season,2025-26,False,H,8480843,L. Dostal,2.0,False,2.2,3.5062,0.894315595781948
2025020805,2026-01-23,PHI,0,2,2,-1,1,26.25,L,3,7,,regular_season,2025-26,False,H,8481035,S. Ersson,2.0,False,1.4,2.9634,0.8816452771609092
2025020819,2026-01-25,TOR,0,1,1,2,2,23.3,W,4,1,,regular_season,2025-26,False,R,8479361,J. Woll,2.0,False,1.8,3.6463,0.9030242711762131
2025020841,2026-01-28,OTT,0,0,0,-3,1,23.6,L,2,5,,regular_season,2025-26,False,R,8473503,J. Reimer,3.0,False,1.4,3.0,0.8954621364115244
2025020845,2026-01-29,MTL,0,0,0,-3,2,21.15,L,3,7,,regular_season,2025-26,False,R,8482487,J. Dobes,1.0,True,1.2,3.122,0.893937429841674
2025020860,2026-01-31,DET,2,1,3,3,4,21.6,W,5,0,,regular_season,2025-26,False,R,8476434,J. Gibson,2.0,False,0.6,3.1463,0.9015631387885983
2025020883,2026-02-02,DET,0,0,0,-2,5,26.116666666666667,L,0,2,,regular_season,2025-26,False,H,8476434,J. Gibson,2.0,False,1.2,3.1463,0.9004400738469067
2025020897,2026-02-04,SJS,0,2,2,4,4,23.016666666666666,W,4,2,,regular_season,2025-26,False,H,8482137,Y. Askarov,2.0,False,0.8,3.5926,0.891479104598218
2025020927,2026-02-26,MIN,0,2,2,0,8,23.35,L,2,5,,regular_season,2025-26,False,H,8479406,F. Gustavsson,22.0,False,1.0,2.9268,0.9048782212763307
2025020938,2026-02-28,CHI,0,2,2,2,6,23.53333333333333,W,3,1,,regular_season,2025-26,False,H,8481519,S. Knight,2.0,False,1.4,3.3537,0.9006980479559723
2025020958,2026-03-02,LAK,1,1,2,3,8,21.116666666666667,W,4,2,,regular_season,2025-26,False,R,8476341,A. Forsberg,2.0,False,1.8,3.0123,0.9013394791305024
2025020968,2026-03-03,ANA,0,1,1,1,3,20.716666666666665,W,5,1,,regular_season,2025-26,False,R,8480843,L. Dostal,1.0,True,1.6,3.5062,0.8946850220633793
2025020984,2026-03-06,DAL,1,2,3,1,2,27.35,W,5,4,,regular_season,2025-26,False,R,8479979,J. Oettinger,3.0,False,1.8,2.7561,0.8996503021888997
2025021001,2026-03-08,MIN,1,0,1,1,9,22.48333333333333,W,3,2,,regular_season,2025-26,False,H,8482661,J. Wallstedt,2.0,False,2.0,2.9268,0.9023071027724885
2025021023,2026-03-10,EDM,0,0,0,-1,1,14.283333333333331,L,3,4,,regular_season,2025-26,False,H,8478971,C. Ingram,2.0,False,1.8,3.3086,0.8951284784926351
2025021040,2026-03-12,SEA,1,3,4,3,4,20.966666666666665,W,5,1,,regular_season,2025-26,False,R,8478916,J. Daccord,2.0,False,1.4,3.2222,0.898121178170433
2025021045,2026-03-14,WPG,0,1,1,-1,2,25.433333333333334,L,1,3,,regular_season,2025-26,False,R,8476945,C. Hellebuyck,2.0,False,1.8,3.1358,0.8965951619549772
2025021067,2026-03-16,PIT,1,0,1,-1,4,22.65,L,2,7,,regular_season,2025-26,False,H,8481668,A. Silovs,2.0,False,1.8,3.2683,0.8949263735762593
2025021080,2026-03-18,DAL,0,1,1,0,5,26.666666666666668,L,1,2,,regular_season,2025-26,False,H,8479979,J. Oettinger,2.0,False,1.4,2.7561,0.9015203218700686
2025021096,2026-03-20,CHI,0,3,3,1,4,22.2,W,4,1,,regular_season,2025-26,False,R,8482821,A. Soderblom,2.0,False,1.4,3.3537,0.8878351305059284
2025021111,2026-03-22,WSH,0,0,0,0,1,22.83333333333333,W,3,2,,regular_season,2025-26,False,R,8480313,L. Thompson,2.0,False,2.0,2.9756,0.9055271242647344
2025021126,2026-03-24,PIT,1,0,1,1,2,19.05,W,6,2,,regular_season,2025-26,False,R,8481668,A. Silovs,2.0,False,1.2,3.2683,0.8947822341813695
2025021145,2026-03-26,WPG,2,0,2,-1,7,24.916666666666668,W,3,2,,regular_season,2025-26,False,R,8476945,C. Hellebuyck,2.0,False,1.2,3.1358,0.8968252865655141
2025021162,2026-03-28,WPG,0,0,0,-2,3,22.6,L,2,4,,regular_season,2025-26,False,H,8476945,C. Hellebuyck,2.0,False,1.4,3.1358,0.8971481832573747
2025021174,2026-03-30,CGY,1,2,3,1,5,19.33333333333333,W,9,2,,regular_season,2025-26,False,H,8481692,D. Wolf,2.0,False,1.2,3.1852,0.8990105450489193
2025021188,2026-04-01,VAN,1,0,1,-1,7,24.35,L,6,8,,regular_season,2025-26,False,H,8480947,K. Lankinen,2.0,False,1.2,3.8272,0.8885982970671229
2025021209,2026-04-04,DAL,1,0,1,2,2,20.78333333333333,W,2,0,,regular_season,2025-26,False,R,8479193,C. DeSmith,3.0,False,1.4,2.7561,0.8993379444794344
2025021228,2026-04-05,STL,0,0,0,-3,5,21.633333333333333,L,2,3,,regular_season,2025-26,False,H,8480981,J. Hofer,1.0,True,1.4,3.1481,0.9030669599660438
2025021238,2026-04-07,STL,0,1,1,1,0,21.133333333333333,W,3,1,,regular_season,2025-26,False,R,8480981,J. Hofer,2.0,False,1.0,3.1481,0.9032264954694244
2025021256,2026-04-09,CGY,1,2,3,1,6,22.383333333333333,W,3,1,,regular_season,2025-26,False,H,8481692,D. Wolf,2.0,False,1.2,3.1852,0.8950417796531062
2025021274,2026-04-11,VGK,0,0,0,-1,6,21.633333333333333,L,2,3,,regular_season,2025-26,False,H,8479394,C. Hart,2.0,False,1.2,3.0488,0.8919958971147866
2025021289,2026-04-13,EDM,0,0,0,0,2,27.95,W,2,1,,regular_season,2025-26,False,R,8478971,C. Ingram,2.0,False,1.0,3.3086,0.8958801928446
2025021298,2026-04-14,CGY,1,0,1,2,4,21.133333333333333,W,3,1,,regular_season,2025-26,False,R,8481692,D. Wolf,1.0,True,0.8,3.1852,0.8969747929047294
2025030151,2026-04-19,LAK,0,1,1,1,3,22.133333333333333,W,2,1,1.0,first_round,2025-26,False,H,8476341,A. Forsberg,5.0,False,1.0,3.0123,0.9021204683127017
2025030152,2026-04-21,LAK,0,0,0,1,4,23.2,W,2,1,2.0,first_round,2025-26,False,H,8476341,A. Forsberg,2.0,False,1.0,3.0123,0.9027703025222693
2025030153,2026-04-23,LAK,0,0,0,0,0,19.5,W,4,2,3.0,first_round,2025-26,False,R,8476341,A. Forsberg,2.0,False,0.4,3.0123,0.9035537154744492
2025030154,2026-04-26,LAK,2,1,3,2,5,17.783333333333335,W,5,1,4.0,first_round,2025-26,False,R,8476341,A. Forsberg,3.0,False,0.4,3.0123,0.9031674534921376
2025030231,2026-05-03,MIN,1,2,3,3,4,19.1,W,9,6,1.0,second_round,2025-26,False,H,8482661,J. Wallstedt,7.0,False,1.0,2.9268,0.9072258804708183
2025030232,2026-05-05,MIN,1,2,3,0,5,22.1,W,5,2,2.0,second_round,2025-26,False,H,8479406,F. Gustavsson,2.0,False,1.4,2.9268,0.9004781219364847
2025030233,2026-05-09,MIN,1,0,1,-1,4,23.85,L,1,5,3.0,second_round,2025-26,False,R,8482661,J. Wallstedt,4.0,False,1.8,2.9268,0.9054243565622481
2025030234,2026-05-11,MIN,1,0,1,1,2,20.8,W,5,2,4.0,second_round,2025-26,False,R,8482661,J. Wallstedt,2.0,False,2.0,2.9268,0.9064845492574909
2025030235,2026-05-13,MIN,1,0,1,0,9,23.016666666666666,W,4,3,5.0,second_round,2025-26,False,H,8482661,J. Wallstedt,2.0,False,2.2,2.9268,0.9064681369485088
2025030321,2026-05-20,VGK,0,1,1,-1,3,21.53333333333333,L,2,4,1.0,conf_finals,2025-26,False,H,8479394,C. Hart,7.0,False,1.8,3.0488,0.8985894555700252
2025030322,2026-05-22,VGK,0,0,0,-1,1,22.5,L,1,3,2.0,conf_finals,2025-26,False,H,8479394,C. Hart,2.0,False,1.4,3.0488,0.8996405550386255
2025030323,2026-05-24,VGK,0,1,1,-1,5,18.03333333333333,L,3,5,3.0,conf_finals,2025-26,False,R,8479394,C. Hart,2.0,False,0.8,3.0488,0.9007904433059502
2025030324,2026-05-26,VGK,0,0,0,1,2,22.166666666666668,L,1,2,4.0,conf_finals,2025-26,True,R,8479394,C. Hart,2.0,False,0.8,3.0488,0.9010620232643785
