date,opponent,goals,assists,points,plus_minus,SOG,TOI,result,team_score,opp_score,game_number,game_context,season,opp_goalie_id,opp_goalie_name,is_elimination_game,rest_days,is_back_to_back,rolling_pts_5,opp_ga_per_game,opp_goalie_sv_pct
2021-10-13,VAN,0,2,2,0,2.0,24.3,W,3,2,,regular_season,2021-22,8477967,T. Demko,False,,False,,2.878,0.9126705122480631
2021-10-16,CGY,3,0,3,2,8.0,22.516666666666666,W,5,2,,regular_season,2021-22,8474593,J. Markstrom,False,3.0,False,2.0,2.5366,0.9069582184749577
2021-10-19,ANA,1,2,3,1,2.0,25.7,W,6,5,,regular_season,2021-22,8476932,A. Stolarz,False,3.0,False,2.5,3.3049,0.9145072290587333
2021-10-21,ARI,2,1,3,0,2.0,15.483333333333333,W,5,1,,regular_season,2021-22,8478872,K. Vejmelka,False,2.0,False,2.6666666666666665,3.8171,0.9121839752107261
2021-10-22,VGK,0,2,2,0,7.0,20.383333333333333,W,5,3,,regular_season,2021-22,8475215,R. Lehner,False,1.0,True,2.75,3.0244,0.909746266240331
2021-10-27,PHI,1,1,2,-1,9.0,25.6,L,3,5,,regular_season,2021-22,8479394,C. Hart,False,5.0,False,2.6,3.6341,0.8970308723532939
2021-10-30,VAN,0,1,1,-1,9.0,22.183333333333334,W,2,1,,regular_season,2021-22,8477967,T. Demko,False,3.0,False,2.6,2.878,0.9135710501077591
2021-11-01,SEA,0,1,1,1,4.0,21.433333333333334,W,5,2,,regular_season,2021-22,8478916,J. Daccord,False,2.0,False,2.2,3.4691,0.9083512297096769
2021-11-03,NSH,0,2,2,2,1.0,19.28333333333333,W,5,2,,regular_season,2021-22,8478971,C. Ingram,False,2.0,False,1.8,3.0732,0.911911456205425
2021-11-05,NYR,1,2,3,1,2.0,25.433333333333334,W,6,5,,regular_season,2021-22,8480382,A. Georgiev,False,2.0,False,1.6,2.5244,0.907726483254408
2021-11-09,DET,1,0,1,-1,2.0,25.133333333333333,L,2,4,,regular_season,2021-22,8477968,A. Nedeljkovic,False,4.0,False,1.8,3.8049,0.9182459945980342
2021-11-11,BOS,0,1,1,0,4.0,20.9,W,5,3,,regular_season,2021-22,8476999,L. Ullmark,False,2.0,False,1.6,2.6829,0.9135518696757648
2021-11-12,BUF,0,1,1,-2,4.0,23.433333333333334,L,2,3,,regular_season,2021-22,8474682,D. Tokarski,False,1.0,True,1.6,3.5366,0.907865742937713
2021-11-14,STL,1,1,2,1,3.0,22.7,W,5,4,,regular_season,2021-22,8476412,J. Binnington,False,2.0,False,1.6,2.9512,0.9111487123467655
2021-11-16,WPG,0,2,2,-1,3.0,24.133333333333333,L,2,5,,regular_season,2021-22,8476945,C. Hellebuyck,False,2.0,False,1.6,3.1358,0.9151251340052396
2021-11-18,WPG,1,0,1,1,4.0,22.28333333333333,W,2,1,,regular_season,2021-22,8476945,C. Hellebuyck,False,2.0,False,1.4,3.1358,0.9154966530829755
2021-11-20,CHI,1,1,2,1,2.0,20.55,W,5,2,,regular_season,2021-22,8480947,K. Lankinen,False,2.0,False,1.4,3.5488,0.9088129963265411
2021-11-23,DAL,0,0,0,-1,3.0,21.0,L,1,4,,regular_season,2021-22,8479979,J. Oettinger,False,3.0,False,1.6,3.0,0.9126873335439126
2021-11-24,ARI,2,2,4,2,6.0,23.28333333333333,W,5,3,,regular_season,2021-22,8475809,S. Wedgewood,False,1.0,True,1.4,3.8171,0.9096011836058614
2021-11-27,VGK,0,0,0,-1,1.0,22.016666666666666,W,3,2,,regular_season,2021-22,8475215,R. Lehner,False,3.0,False,1.8,3.0244,0.9109322879950381
2021-12-01,PIT,1,3,4,5,2.0,20.883333333333333,W,5,2,,regular_season,2021-22,8477465,T. Jarry,False,4.0,False,1.4,2.7927,0.914029597471706
2021-12-03,SEA,1,1,2,0,3.0,25.883333333333333,L,3,4,,regular_season,2021-22,8475831,P. Grubauer,False,2.0,False,2.0,3.4691,0.911863125130269
2021-12-05,LAK,0,0,0,0,4.0,19.58333333333333,L,1,5,,regular_season,2021-22,8471734,J. Quick,False,2.0,False,2.0,2.878,0.9096808034585339
2021-12-07,MIN,0,1,1,-1,4.0,22.366666666666667,L,1,4,,regular_season,2021-22,8475660,C. Talbot,False,2.0,False,2.0,3.0854,0.9140539008026922
2021-12-09,BOS,0,2,2,-1,4.0,26.78333333333333,L,2,3,,regular_season,2021-22,8476999,L. Ullmark,False,2.0,False,1.4,2.6829,0.9128374357746826
2021-12-11,CAR,0,0,0,-2,3.0,22.1,L,1,3,,regular_season,2021-22,8475883,F. Andersen,False,2.0,False,1.8,2.4634,0.9100423315151058
2021-12-14,TOR,0,0,0,-2,2.0,21.35,L,1,5,,regular_season,2021-22,8475789,J. Campbell,False,3.0,False,1.0,3.0854,0.9217061901667597
2021-12-16,CBJ,0,2,2,1,5.0,20.9,W,5,2,,regular_season,2021-22,8478007,E. Merzlikins,False,2.0,False,0.6,3.6585,0.9133920973603568
2021-12-18,SEA,1,1,2,2,4.0,23.2,W,5,3,,regular_season,2021-22,8476904,C. Driedger,False,2.0,False,1.0,3.4691,0.9137399702035796
2021-12-29,STL,0,1,1,1,4.0,22.98333333333333,L,2,4,,regular_season,2021-22,8476412,J. Binnington,False,11.0,False,1.2,2.9512,0.9097759207713431
2021-12-31,NJD,2,0,2,-1,3.0,27.95,L,5,6,,regular_season,2021-22,8478406,M. Blackwood,False,2.0,False,1.0,3.7439,0.904933754316145
2022-01-01,NYI,0,1,1,0,3.0,22.016666666666666,L,2,3,,regular_season,2021-22,8478009,I. Sorokin,False,1.0,True,1.4,2.8902,0.9172930716496781
2022-01-03,NYR,0,0,0,0,7.0,18.98333333333333,L,1,4,,regular_season,2021-22,8480382,A. Georgiev,False,2.0,False,1.6,2.5244,0.9074575207297554
2022-01-15,OTT,0,0,0,-2,7.0,25.366666666666667,L,4,6,,regular_season,2021-22,8476899,M. Murray,False,12.0,False,1.2,3.2439,0.9016305731859838
2022-01-20,FLA,0,0,0,-1,3.0,20.85,L,0,6,,regular_season,2021-22,8475683,S. Bobrovsky,False,5.0,False,0.8,3.0,0.9106924020536727
2022-01-22,CGY,0,2,2,0,1.0,22.716666666666665,W,5,3,,regular_season,2021-22,8474593,J. Markstrom,False,2.0,False,0.6,2.5366,0.9112454875259711
2022-01-25,VAN,1,1,2,1,6.0,27.466666666666665,W,3,2,,regular_season,2021-22,8477484,S. Martin,False,3.0,False,0.6,2.878,0.9123143702776121
2022-01-27,NSH,1,0,1,1,4.0,26.15,W,3,2,,regular_season,2021-22,8477424,J. Saros,False,2.0,False,0.8,3.0732,0.9219787803988917
2022-01-29,MTL,0,0,0,1,2.0,17.45,W,7,2,,regular_season,2021-22,8478470,S. Montembeault,False,2.0,False,1.0,3.8902,0.907842439496957
2022-01-31,OTT,1,0,1,0,5.0,25.216666666666665,L,2,3,,regular_season,2021-22,8476899,M. Murray,False,2.0,False,1.0,3.2439,0.9076169520880397
2022-02-02,WSH,1,0,1,1,3.0,21.53333333333333,W,5,3,,regular_season,2021-22,8478492,I. Samsonov,False,2.0,False,1.2,2.9878,0.9077576189517067
2022-02-08,VGK,0,0,0,-2,2.0,20.816666666666663,L,0,4,,regular_season,2021-22,8476316,L. Brossoit,False,6.0,False,1.0,3.0244,0.9089775131353758
2022-02-09,CHI,0,1,1,0,3.0,19.53333333333333,L,1,4,,regular_season,2021-22,8470594,M. Fleury,False,1.0,True,0.6,3.5488,0.9150269138625392
2022-02-11,NYI,0,2,2,2,3.0,20.58333333333333,W,3,1,,regular_season,2021-22,8478009,I. Sorokin,False,2.0,False,0.6,2.8902,0.9189622074217867
2022-02-14,SJS,1,0,1,1,7.0,18.85,W,3,0,,regular_season,2021-22,8473503,J. Reimer,False,3.0,False,1.0,3.2195,0.9128840113378734
2022-02-15,LAK,1,1,2,1,2.0,21.183333333333334,W,5,2,,regular_season,2021-22,8477361,C. Petersen,False,1.0,True,1.0,2.878,0.9070233234421725
2022-02-17,ANA,0,2,2,1,7.0,22.08333333333333,W,7,3,,regular_season,2021-22,8476434,J. Gibson,False,2.0,False,1.2,3.3049,0.9095537480460797
2022-02-19,WPG,1,2,3,2,6.0,21.75,W,4,2,,regular_season,2021-22,8476945,C. Hellebuyck,False,2.0,False,1.6,3.1358,0.9144994647341571
2022-02-20,MIN,0,0,0,-1,3.0,20.03333333333333,L,3,7,,regular_season,2021-22,8478039,K. Kahkonen,False,1.0,True,2.0,3.0854,0.9108290431803604
2022-02-23,TBL,2,0,2,-1,5.0,24.03333333333333,L,3,5,,regular_season,2021-22,8476883,A. Vasilevskiy,False,3.0,False,1.6,2.8415,0.9214319639005412
2022-02-26,FLA,0,2,2,1,4.0,20.416666666666668,W,4,3,,regular_season,2021-22,8475683,S. Bobrovsky,False,3.0,False,1.8,3.0,0.9110212770532518
2022-02-27,CAR,0,0,0,0,5.0,21.933333333333334,L,1,2,,regular_season,2021-22,8475883,F. Andersen,False,1.0,True,1.8,2.4634,0.9151053827622059
2022-03-01,PHI,1,1,2,1,7.0,23.883333333333333,W,3,0,,regular_season,2021-22,8479394,C. Hart,False,2.0,False,1.4,3.6341,0.9020443623687575
2022-03-03,CHI,0,2,2,1,2.0,26.73333333333333,L,3,4,,regular_season,2021-22,8470594,M. Fleury,False,2.0,False,1.2,3.5488,0.9140597618144917
2022-03-05,MTL,0,0,0,0,2.0,22.633333333333333,L,2,5,,regular_season,2021-22,8478470,S. Montembeault,False,2.0,False,1.6,3.8902,0.903865496396873
2022-03-07,CGY,0,0,0,-1,3.0,22.4,L,1,3,,regular_season,2021-22,8474593,J. Markstrom,False,2.0,False,1.2,2.5366,0.9139936418619312
2022-03-09,WSH,1,1,2,-1,3.0,25.15,W,4,3,,regular_season,2021-22,8478492,I. Samsonov,False,2.0,False,0.8,2.9878,0.9045874890887866
2022-03-12,TBL,2,0,2,2,7.0,21.816666666666663,W,4,1,,regular_season,2021-22,8470880,B. Elliott,False,3.0,False,1.2,2.8415,0.9001795793848286
2022-03-15,DET,1,1,2,1,4.0,22.6,W,7,5,,regular_season,2021-22,8471306,T. Greiss,False,3.0,False,1.2,3.8049,0.9100603885471198
2022-03-17,BUF,1,1,2,2,4.0,16.2,W,6,1,,regular_season,2021-22,8467950,C. Anderson,False,2.0,False,1.2,3.5366,0.9108582752259166
2022-03-19,NJD,1,2,3,1,4.0,21.133333333333333,W,6,3,,regular_season,2021-22,8476903,J. Gillies,False,2.0,False,1.6,3.7439,0.9029639021182473
2022-03-21,COL,0,1,1,1,2.0,21.766666666666666,L,2,3,,regular_season,2021-22,8475311,D. Kuemper,False,2.0,False,2.2,2.8537,0.9149260378656282
2022-03-22,DAL,0,2,2,-1,2.0,24.03333333333333,L,3,5,,regular_season,2021-22,8479979,J. Oettinger,False,1.0,True,2.0,3.0,0.9128034410302202
2022-03-24,SJS,0,2,2,1,1.0,18.633333333333333,W,5,2,,regular_season,2021-22,8478039,K. Kahkonen,False,2.0,False,2.0,3.2195,0.9040747580422607
2022-03-26,CGY,0,2,2,-4,4.0,23.03333333333333,L,5,9,,regular_season,2021-22,8474593,J. Markstrom,False,2.0,False,2.0,2.5366,0.9171786503760381
2022-03-28,ARI,1,0,1,2,5.0,19.183333333333334,W,6,1,,regular_season,2021-22,8478872,K. Vejmelka,False,2.0,False,2.0,3.8171,0.907120625724406
2022-03-30,LAK,1,1,2,2,8.0,24.53333333333333,W,4,3,,regular_season,2021-22,8471734,J. Quick,False,2.0,False,1.6,2.878,0.9086712798802331
2022-04-01,STL,2,0,2,1,11.0,20.0,W,6,5,,regular_season,2021-22,8476412,J. Binnington,False,2.0,False,1.8,2.9512,0.907955721149121
2022-04-03,ANA,1,2,3,2,5.0,15.416666666666666,W,6,1,,regular_season,2021-22,8476434,J. Gibson,False,2.0,False,1.8,3.3049,0.9071058555312893
2022-04-05,SJS,1,0,1,1,4.0,23.016666666666666,W,2,1,,regular_season,2021-22,8473503,J. Reimer,False,2.0,False,2.0,3.2195,0.9121227737362307
2022-04-07,LAK,1,1,2,0,4.0,21.216666666666665,W,3,2,,regular_season,2021-22,8471734,J. Quick,False,2.0,False,1.8,2.878,0.9088929887486277
2022-04-09,COL,0,0,0,0,5.0,24.216666666666665,L,1,2,,regular_season,2021-22,8475311,D. Kuemper,False,2.0,False,2.0,2.8537,0.9160214013029943
2022-04-12,MIN,0,0,0,0,5.0,22.33333333333333,L,1,5,,regular_season,2021-22,8475660,C. Talbot,False,3.0,False,1.6,3.0854,0.909786654368367
2022-04-14,NSH,0,2,2,0,3.0,20.866666666666667,W,4,0,,regular_season,2021-22,8477424,J. Saros,False,2.0,False,1.2,3.0732,0.9185190668397722
2022-04-16,VGK,0,0,0,1,3.0,22.48333333333333,W,4,0,,regular_season,2021-22,8480313,L. Thompson,False,2.0,False,1.0,3.0244,0.9133906042320408
2022-04-20,DAL,1,2,3,2,4.0,19.95,W,5,2,,regular_season,2021-22,8475809,S. Wedgewood,False,4.0,False,0.8,3.0,0.9075812288415419
2022-04-22,COL,0,3,3,2,0.0,21.266666666666666,W,6,3,,regular_season,2021-22,8475311,D. Kuemper,False,2.0,False,1.0,2.8537,0.917453255573823
2022-04-24,CBJ,0,2,2,-2,2.0,21.25,L,2,5,,regular_season,2021-22,8478007,E. Merzlikins,False,2.0,False,1.6,3.6585,0.9084248712296551
2022-04-26,PIT,1,3,4,2,4.0,19.08333333333333,W,5,1,,regular_season,2021-22,8479193,C. DeSmith,False,2.0,False,2.0,2.7927,0.9104051760618995
2022-04-28,SJS,0,1,1,1,2.0,19.766666666666666,W,5,4,,regular_season,2021-22,8473503,J. Reimer,False,2.0,False,2.4,3.2195,0.9109254090468862
2022-05-02,LAK,1,1,2,0,3.0,25.55,L,3,4,1.0,first_round,2021-22,8471734,J. Quick,False,4.0,False,2.6,2.878,0.9086962091556833
2022-05-04,LAK,0,2,2,3,2.0,16.866666666666667,W,6,0,2.0,first_round,2021-22,8471734,J. Quick,False,2.0,False,2.4,2.878,0.9091611391665165
2022-05-06,LAK,0,2,2,3,3.0,16.3,W,8,2,3.0,first_round,2021-22,8471734,J. Quick,False,2.0,False,2.2,2.878,0.9080564058652566
2022-05-08,LAK,0,0,0,-2,3.0,21.75,L,0,4,4.0,first_round,2021-22,8471734,J. Quick,False,2.0,False,2.2,2.878,0.9070349054166545
2022-05-10,LAK,1,2,3,1,4.0,19.916666666666668,L,4,5,5.0,first_round,2021-22,8471734,J. Quick,False,2.0,False,1.4,2.878,0.9082461151304911
2022-05-12,LAK,1,2,3,3,6.0,24.03333333333333,W,4,2,6.0,first_round,2021-22,8471734,J. Quick,True,2.0,False,1.8,2.878,0.9076153500912569
2022-05-14,LAK,1,1,2,2,6.0,27.383333333333333,W,2,0,7.0,first_round,2021-22,8471734,J. Quick,True,2.0,False,2.0,2.878,0.9077813223622773
2022-05-18,CGY,1,3,4,-1,5.0,25.55,L,6,9,1.0,second_round,2021-22,8474593,J. Markstrom,False,4.0,False,2.0,2.5366,0.9185132989745687
2022-05-20,CGY,1,1,2,3,5.0,21.5,W,5,3,2.0,second_round,2021-22,8474593,J. Markstrom,False,2.0,False,2.4,2.5366,0.9173085804879751
2022-05-22,CGY,0,3,3,4,3.0,20.466666666666665,W,4,1,3.0,second_round,2021-22,8474593,J. Markstrom,False,2.0,False,2.8,2.5366,0.9167571995781213
2022-05-24,CGY,0,2,2,1,4.0,22.25,W,5,3,4.0,second_round,2021-22,8474593,J. Markstrom,False,2.0,False,2.8,2.5366,0.9164107785153806
2022-05-26,CGY,1,0,1,2,4.0,26.266666666666666,W,5,4,5.0,second_round,2021-22,8474593,J. Markstrom,False,2.0,False,2.6,2.5366,0.9157325870050272
2022-05-31,COL,1,2,3,-1,2.0,24.25,L,6,8,1.0,conf_finals,2021-22,8475311,D. Kuemper,False,5.0,False,2.4,2.8537,0.9155637483399934
2022-06-02,COL,0,0,0,-1,2.0,22.716666666666665,L,0,4,2.0,conf_finals,2021-22,8480925,P. Francouz,False,2.0,False,2.2,2.8537,0.9100916427385247
2022-06-04,COL,1,0,1,-3,4.0,26.78333333333333,L,2,4,3.0,conf_finals,2021-22,8480925,P. Francouz,False,2.0,False,1.8,2.8537,0.9113649646219665
2022-06-06,COL,1,2,3,1,5.0,26.98333333333333,L,5,6,4.0,conf_finals,2021-22,8480925,P. Francouz,True,2.0,False,1.4,2.8537,0.9117080263264611
2022-10-12,VAN,3,1,4,1,5.0,23.6,W,5,3,,regular_season,2022-23,8477967,T. Demko,False,,False,,3.6341,0.912345884293691
2022-10-15,CGY,1,0,1,-1,4.0,23.566666666666663,L,3,4,,regular_season,2022-23,8478435,D. Vladar,False,3.0,False,4.0,3.0732,0.907780629357232
2022-10-18,BUF,0,1,1,0,4.0,26.866666666666667,L,2,4,,regular_season,2022-23,8477480,E. Comrie,False,3.0,False,2.5,3.679,0.9115034857147265
2022-10-20,CAR,1,3,4,1,4.0,22.0,W,6,4,,regular_season,2022-23,8475883,F. Andersen,False,2.0,False,2.0,2.5976,0.9170550660924112
2022-10-22,STL,0,0,0,-1,2.0,24.5,L,0,2,,regular_season,2022-23,8476412,J. Binnington,False,2.0,False,2.5,3.6707,0.9071574453999186
2022-10-24,PIT,0,0,0,1,2.0,19.23333333333333,W,6,3,,regular_season,2022-23,8477465,T. Jarry,False,2.0,False,2.0,3.2195,0.9145900877317622
2022-10-26,STL,0,1,1,1,4.0,21.166666666666668,W,3,1,,regular_season,2022-23,8476412,J. Binnington,False,2.0,False,1.2,3.6707,0.9080260568798448
2022-10-27,CHI,3,1,4,0,4.0,21.116666666666667,W,6,5,,regular_season,2022-23,8471774,A. Stalock,False,1.0,True,1.2,3.6707,0.9073606760322083
2022-10-29,CGY,1,2,3,0,1.0,19.0,W,3,2,,regular_season,2022-23,8474593,J. Markstrom,False,2.0,False,1.8,3.0732,0.9124893571376643
2022-11-01,NSH,2,2,4,2,8.0,18.48333333333333,W,7,4,,regular_season,2022-23,8477424,J. Saros,False,3.0,False,1.6,2.8889,0.9138491113933124
2022-11-03,NJD,1,1,2,0,4.0,23.98333333333333,L,3,4,,regular_season,2022-23,8478406,M. Blackwood,False,2.0,False,2.4,2.7561,0.8990619586143502
2022-11-05,DAL,0,1,1,-2,5.0,22.75,L,2,6,,regular_season,2022-23,8475809,S. Wedgewood,False,2.0,False,2.8,2.6585,0.9089024125306595
2022-11-07,WSH,1,1,2,2,5.0,23.95,L,4,5,,regular_season,2022-23,8479292,C. Lindgren,False,2.0,False,2.8,3.2317,0.9127828123859268
2022-11-08,TBL,1,1,2,0,5.0,23.683333333333334,W,3,2,,regular_season,2022-23,8476883,A. Vasilevskiy,False,1.0,True,2.4,3.0976,0.9143116272733255
2022-11-10,CAR,1,1,2,-1,3.0,18.6,L,2,7,,regular_season,2022-23,8481611,P. Kochetkov,False,2.0,False,2.2,2.5976,0.9037276362596158
2022-11-12,FLA,0,1,1,0,4.0,21.78333333333333,W,4,2,,regular_season,2022-23,8481519,S. Knight,False,2.0,False,1.8,3.3293,0.9109013945273472
2022-11-16,LAK,0,0,0,-1,1.0,22.716666666666665,L,1,3,,regular_season,2022-23,8477361,C. Petersen,False,4.0,False,1.6,3.1341,0.8969329171747448
2022-11-19,VGK,1,1,2,1,6.0,23.2,W,4,3,,regular_season,2022-23,8478499,A. Hill,False,3.0,False,1.4,2.7927,0.9092423824607255
2022-11-21,NJD,0,1,1,-1,5.0,23.766666666666666,L,2,5,,regular_season,2022-23,8477970,V. Vanecek,False,2.0,False,1.4,2.7561,0.9066214901001085
2022-11-23,NYI,0,0,0,-1,3.0,24.48333333333333,L,0,3,,regular_season,2022-23,8478009,I. Sorokin,False,2.0,False,1.2,2.7073,0.9182183530569207
2022-11-26,NYR,0,1,1,-1,3.0,25.28333333333333,W,4,3,,regular_season,2022-23,8478048,I. Shesterkin,False,3.0,False,0.8,2.6707,0.922966891484213
2022-11-28,FLA,1,2,3,2,5.0,26.7,W,4,3,,regular_season,2022-23,8481519,S. Knight,False,2.0,False,0.8,3.3293,0.9090807312386074
2022-11-30,CHI,1,1,2,2,9.0,27.1,W,5,4,,regular_season,2022-23,8482821,A. Soderblom,False,2.0,False,1.4,3.6707,0.9035206709364292
2022-12-01,MIN,1,1,2,0,2.0,21.2,L,3,5,,regular_season,2022-23,8470594,M. Fleury,False,1.0,True,1.4,2.7439,0.9052326538100244
2022-12-03,MTL,2,2,4,1,2.0,22.7,W,5,3,,regular_season,2022-23,8474596,J. Allen,False,2.0,False,1.6,3.7439,0.9030918536292117
2022-12-05,WSH,1,0,1,-1,1.0,23.45,L,2,3,,regular_season,2022-23,8479292,C. Lindgren,False,2.0,False,2.4,3.2317,0.9075870119451992
2022-12-07,ARI,2,2,4,2,5.0,18.53333333333333,W,8,2,,regular_season,2022-23,8478971,C. Ingram,False,2.0,False,2.4,3.6463,0.9012186465351764
2022-12-09,MIN,1,1,2,0,4.0,23.016666666666666,W,5,2,,regular_season,2022-23,8470594,M. Fleury,False,2.0,False,2.6,2.7439,0.9045073479200143
2022-12-12,MIN,0,1,1,-1,3.0,24.58333333333333,L,1,2,,regular_season,2022-23,8470594,M. Fleury,False,3.0,False,2.6,2.7439,0.9032631359288277
2022-12-13,NSH,1,3,4,3,6.0,18.516666666666666,W,6,3,,regular_season,2022-23,8480947,K. Lankinen,False,1.0,True,2.4,2.8889,0.9050461955593426
2022-12-15,STL,1,0,1,-2,4.0,29.383333333333333,L,3,4,,regular_season,2022-23,8476412,J. Binnington,False,2.0,False,2.4,3.6707,0.9022099261666324
2022-12-17,ANA,1,1,2,-1,8.0,25.5,L,3,4,,regular_season,2022-23,8480843,L. Dostal,False,2.0,False,2.4,4.122,0.9034740858691501
2022-12-19,NSH,0,2,2,-2,1.0,25.0,L,3,4,,regular_season,2022-23,8477424,J. Saros,False,2.0,False,2.0,2.8889,0.9109680300009441
2022-12-21,DAL,1,0,1,1,1.0,20.4,W,6,3,,regular_season,2022-23,8479979,J. Oettinger,False,2.0,False,2.0,2.6585,0.9162663848710484
2022-12-23,VAN,1,0,1,-1,4.0,23.716666666666665,L,2,5,,regular_season,2022-23,8480420,C. Delia,False,2.0,False,2.0,3.6341,0.9040895881045792
2022-12-27,CGY,1,0,1,0,1.0,21.15,W,2,1,,regular_season,2022-23,8474593,J. Markstrom,False,4.0,False,1.4,3.0732,0.9066295997683854
2022-12-30,SEA,1,4,5,3,3.0,16.016666666666666,W,7,2,,regular_season,2022-23,8475831,P. Grubauer,False,3.0,False,1.4,3.122,0.8988109319677088
2022-12-31,WPG,0,0,0,-1,4.0,23.83333333333333,L,1,2,,regular_season,2022-23,8476945,C. Hellebuyck,False,1.0,True,2.0,2.7439,0.9120829619642324
2023-01-03,SEA,1,0,1,-1,6.0,21.3,L,2,5,,regular_season,2022-23,8474889,M. Jones,False,3.0,False,1.6,3.122,0.8982309068045691
2023-01-05,NYI,0,2,2,1,3.0,24.83333333333333,W,4,2,,regular_season,2022-23,8478009,I. Sorokin,False,2.0,False,1.6,2.7073,0.9186356474991692
2023-01-07,COL,0,1,1,-3,4.0,26.066666666666663,L,2,3,,regular_season,2022-23,8480382,A. Georgiev,False,2.0,False,1.8,2.7531,0.9073233825304382
2023-01-09,LAK,1,0,1,-1,4.0,22.166666666666668,L,3,6,,regular_season,2022-23,8477831,P. Copley,False,2.0,False,1.8,3.1341,0.9044969996737862
2023-01-11,ANA,1,1,2,1,8.0,15.516666666666667,W,6,2,,regular_season,2022-23,8476434,J. Gibson,False,2.0,False,1.0,4.122,0.8985512615215352
2023-01-13,SJS,2,1,3,0,5.0,18.3,W,7,1,,regular_season,2022-23,8478039,K. Kahkonen,False,2.0,False,1.4,3.9146,0.9005203979696538
2023-01-14,VGK,0,1,1,1,8.0,22.73333333333333,W,4,3,,regular_season,2022-23,8480313,L. Thompson,False,1.0,True,1.8,2.7927,0.9106144422528892
2023-01-17,SEA,1,0,1,1,4.0,22.633333333333333,W,5,2,,regular_season,2022-23,8474889,M. Jones,False,3.0,False,1.6,3.122,0.8989848419326614
2023-01-19,TBL,1,1,2,-2,6.0,23.73333333333333,W,5,3,,regular_season,2022-23,8476883,A. Vasilevskiy,False,2.0,False,1.6,3.0976,0.9133187358237963
2023-01-21,VAN,1,1,2,0,7.0,23.816666666666663,W,4,2,,regular_season,2022-23,8477484,S. Martin,False,2.0,False,1.8,3.6341,0.8997346655948862
2023-01-25,CBJ,0,1,1,-1,3.0,23.98333333333333,L,2,3,,regular_season,2022-23,8476914,J. Korpisalo,False,4.0,False,1.8,4.0123,0.9026869714775685
2023-01-28,CHI,1,2,3,3,6.0,20.966666666666665,W,7,3,,regular_season,2022-23,8475852,P. Mrazek,False,3.0,False,1.4,3.6707,0.89600204480639
2023-02-07,DET,0,1,1,1,3.0,23.48333333333333,W,5,2,,regular_season,2022-23,8478024,V. Husso,False,10.0,False,1.8,3.4024,0.903106881181525
2023-02-09,PHI,0,1,1,1,5.0,23.916666666666668,L,1,2,,regular_season,2022-23,8479394,C. Hart,False,2.0,False,1.8,3.378,0.9045572364890639
2023-02-11,OTT,1,2,3,1,4.0,22.016666666666666,W,6,3,,regular_season,2022-23,8476341,A. Forsberg,False,2.0,False,1.6,3.3049,0.910588026414365
2023-02-12,MTL,0,0,0,-3,7.0,23.85,L,2,6,,regular_season,2022-23,8474596,J. Allen,False,1.0,True,1.8,3.7439,0.9006367940519829
2023-02-15,DET,0,2,2,1,8.0,26.183333333333334,L,4,5,,regular_season,2022-23,8478024,V. Husso,False,3.0,False,1.6,3.4024,0.9042974405264237
2023-02-17,NYR,0,2,2,-1,4.0,23.58333333333333,L,4,5,,regular_season,2022-23,8478048,I. Shesterkin,False,2.0,False,1.4,2.6707,0.9179260940553363
2023-02-19,COL,0,1,1,-2,4.0,24.75,L,5,6,,regular_season,2022-23,8480382,A. Georgiev,False,2.0,False,1.6,2.7531,0.9110067220801644
2023-02-21,PHI,2,1,3,2,9.0,25.98333333333333,W,4,2,,regular_season,2022-23,8479394,C. Hart,False,2.0,False,1.6,3.378,0.9056422327135981
2023-02-23,PIT,2,2,4,2,7.0,19.53333333333333,W,7,2,,regular_season,2022-23,8477465,T. Jarry,False,2.0,False,1.6,3.2195,0.9121965195337249
2023-02-25,CBJ,2,2,4,3,7.0,22.83333333333333,L,5,6,,regular_season,2022-23,8476914,J. Korpisalo,False,2.0,False,2.4,4.0123,0.9045000100391674
2023-02-27,BOS,2,0,2,0,5.0,24.45,L,2,3,,regular_season,2022-23,8480280,J. Swayman,False,2.0,False,2.8,2.1585,0.9069109522807443
2023-03-01,TOR,2,1,3,2,3.0,21.73333333333333,W,5,2,,regular_season,2022-23,8478492,I. Samsonov,False,2.0,False,2.8,2.7073,0.9072471027860869
2023-03-03,WPG,0,3,3,-1,6.0,20.45,W,6,3,,regular_season,2022-23,8476945,C. Hellebuyck,False,2.0,False,3.2,2.7439,0.9135216977210305
2023-03-04,WPG,0,1,1,-2,4.0,23.383333333333333,L,5,7,,regular_season,2022-23,8476945,C. Hellebuyck,False,1.0,True,3.2,2.7439,0.9128949637323694
2023-03-06,BUF,2,0,2,2,3.0,19.966666666666665,W,3,2,,regular_season,2022-23,8467950,C. Anderson,False,2.0,False,2.6,3.679,0.9055436320605992
2023-03-09,BOS,0,0,0,-1,1.0,21.58333333333333,W,3,2,,regular_season,2022-23,8480280,J. Swayman,False,3.0,False,2.2,2.1585,0.9065561366533623
2023-03-11,TOR,1,2,3,1,3.0,23.883333333333333,L,4,7,,regular_season,2022-23,8476899,M. Murray,False,2.0,False,1.8,2.7073,0.9063133603891774
2023-03-14,OTT,1,1,2,1,4.0,20.4,W,6,3,,regular_season,2022-23,8481544,M. Sogaard,False,3.0,False,1.8,3.3049,0.902518664338887
2023-03-16,DAL,1,1,2,1,3.0,21.2,W,4,1,,regular_season,2022-23,8479979,J. Oettinger,False,2.0,False,1.6,2.6585,0.9164403864154439
2023-03-18,SEA,1,2,3,2,1.0,21.066666666666663,W,6,4,,regular_season,2022-23,8475831,P. Grubauer,False,2.0,False,1.8,3.122,0.8995112274018672
2023-03-20,SJS,0,2,2,2,7.0,28.1,W,5,4,,regular_season,2022-23,8473503,J. Reimer,False,2.0,False,2.0,3.9146,0.8991840936791943
2023-03-22,ARI,2,0,2,0,7.0,25.683333333333334,W,4,3,,regular_season,2022-23,8478971,C. Ingram,False,2.0,False,2.4,3.6463,0.9057133758415414
2023-03-25,VGK,0,1,1,0,2.0,23.416666666666668,L,3,4,,regular_season,2022-23,8476316,L. Brossoit,False,3.0,False,2.2,2.7927,0.9074382478927254
2023-03-27,ARI,0,1,1,-2,3.0,20.28333333333333,W,5,4,,regular_season,2022-23,8478872,K. Vejmelka,False,2.0,False,2.0,3.6463,0.9005068325589113
2023-03-28,VGK,0,3,3,0,0.0,17.833333333333332,W,7,4,,regular_season,2022-23,8471734,J. Quick,False,1.0,True,1.8,2.7927,0.8962285414112479
2023-03-30,LAK,1,0,1,1,3.0,21.416666666666668,W,2,0,,regular_season,2022-23,8476914,J. Korpisalo,False,2.0,False,1.8,3.1341,0.9095924543102023
2023-04-01,ANA,1,1,2,2,5.0,18.15,W,6,0,,regular_season,2022-23,8476434,J. Gibson,False,2.0,False,1.6,4.122,0.9014179360376773
2023-04-04,LAK,0,1,1,1,3.0,22.78333333333333,W,3,1,,regular_season,2022-23,8477831,P. Copley,False,3.0,False,1.6,3.1341,0.9030280343334047
2023-04-05,ANA,0,1,1,0,4.0,18.6,W,3,1,,regular_season,2022-23,8480843,L. Dostal,False,1.0,True,1.6,4.122,0.9027106019604244
2023-04-08,SJS,2,1,3,4,6.0,16.95,W,6,1,,regular_season,2022-23,8473503,J. Reimer,False,3.0,False,1.6,3.9146,0.8975802488997151
2023-04-11,COL,0,1,1,0,7.0,22.3,W,2,1,,regular_season,2022-23,8480382,A. Georgiev,False,3.0,False,1.6,2.7531,0.9140502482268121
2023-04-13,SJS,0,1,1,0,5.0,15.266666666666667,W,5,2,,regular_season,2022-23,8473503,J. Reimer,False,2.0,False,1.6,3.9146,0.8955878721715508
2023-04-17,LAK,0,0,0,-2,5.0,25.4,L,3,4,1.0,first_round,2022-23,8476914,J. Korpisalo,False,4.0,False,1.4,3.1341,0.9097441133183222
2023-04-19,LAK,0,1,1,0,6.0,21.45,W,4,2,2.0,first_round,2022-23,8476914,J. Korpisalo,False,2.0,False,1.2,3.1341,0.910099327227986
2023-04-21,LAK,2,0,2,-1,7.0,26.716666666666665,L,2,3,3.0,first_round,2022-23,8476914,J. Korpisalo,False,2.0,False,1.2,3.1341,0.9100949472916605
2023-04-23,LAK,0,3,3,3,2.0,30.366666666666667,W,5,4,4.0,first_round,2022-23,8476914,J. Korpisalo,False,2.0,False,1.0,3.1341,0.9107921460075111
2023-04-25,LAK,0,2,2,-2,4.0,19.78333333333333,W,6,3,5.0,first_round,2022-23,8476914,J. Korpisalo,False,2.0,False,1.4,3.1341,0.9103035457633323
2023-04-29,LAK,1,1,2,1,3.0,27.266666666666666,W,5,4,6.0,first_round,2022-23,8476914,J. Korpisalo,False,4.0,False,1.6,3.1341,0.9093632037456101
2023-05-03,VGK,0,2,2,1,4.0,24.016666666666666,L,4,6,1.0,second_round,2022-23,8476316,L. Brossoit,False,4.0,False,2.0,2.7927,0.9109488844234424
2023-05-06,VGK,2,1,3,0,3.0,18.516666666666666,W,5,1,2.0,second_round,2022-23,8476316,L. Brossoit,False,3.0,False,2.2,2.7927,0.9097297612348917
2023-05-08,VGK,0,0,0,-2,3.0,20.75,L,1,5,3.0,second_round,2022-23,8476316,L. Brossoit,False,2.0,False,2.4,2.7927,0.908298503847512
2023-05-10,VGK,0,2,2,1,4.0,21.15,W,4,1,4.0,second_round,2022-23,8478499,A. Hill,False,2.0,False,1.8,2.7927,0.9100697234749608
2023-05-12,VGK,2,0,2,0,6.0,25.216666666666665,L,3,4,5.0,second_round,2022-23,8478499,A. Hill,False,2.0,False,1.8,2.7927,0.9095141895141895
2023-05-14,VGK,1,0,1,0,4.0,24.0,L,2,5,6.0,second_round,2022-23,8478499,A. Hill,True,2.0,False,1.8,2.7927,0.9095916791020537
2023-10-11,VAN,0,1,1,-3,2.0,20.216666666666665,L,1,8,,regular_season,2023-24,8477967,T. Demko,False,,False,,2.7195,0.9030038848437278
2023-10-14,VAN,1,1,2,-1,8.0,26.133333333333333,L,3,4,,regular_season,2023-24,8479193,C. DeSmith,False,3.0,False,1.0,2.7195,0.9047907086806406
2023-10-17,NSH,1,1,2,1,2.0,17.3,W,6,1,,regular_season,2023-24,8477424,J. Saros,False,3.0,False,1.5,3.0244,0.914822423126378
2023-10-19,PHI,0,1,1,-1,0.0,18.016666666666666,L,1,4,,regular_season,2023-24,8479394,C. Hart,False,2.0,False,1.6666666666666667,3.1829,0.9051944392497552
2023-10-21,WPG,0,2,2,1,1.0,20.8,L,2,3,,regular_season,2023-24,8476945,C. Hellebuyck,False,2.0,False,1.5,2.4268,0.9112653384999525
2023-10-29,CGY,0,1,1,2,2.0,23.433333333333334,W,5,2,,regular_season,2023-24,8474593,J. Markstrom,False,8.0,False,1.6,3.3049,0.8972984056282701
2023-11-02,DAL,0,0,0,-1,5.0,25.58333333333333,L,3,4,,regular_season,2023-24,8475809,S. Wedgewood,False,4.0,False,1.6,2.8537,0.9081259959193885
2023-11-04,NSH,0,1,1,-2,3.0,22.73333333333333,L,2,5,,regular_season,2023-24,8480947,K. Lankinen,False,2.0,False,1.2,3.0244,0.9060128615218959
2023-11-06,VAN,0,0,0,0,3.0,22.666666666666668,L,2,6,,regular_season,2023-24,8477967,T. Demko,False,2.0,False,1.0,2.7195,0.911777269370114
2023-11-09,SJS,0,0,0,0,4.0,24.55,L,2,3,,regular_season,2023-24,8478406,M. Blackwood,False,3.0,False,0.8,4.0366,0.9006222894788222
2023-11-11,SEA,0,0,0,0,2.0,20.683333333333334,W,4,1,,regular_season,2023-24,8475831,P. Grubauer,False,2.0,False,0.4,2.878,0.9015678902135789
2023-11-13,NYI,1,1,2,-1,5.0,19.516666666666666,W,4,1,,regular_season,2023-24,8478009,I. Sorokin,False,2.0,False,0.2,3.2073,0.9146279137726201
2023-11-15,SEA,1,0,1,3,3.0,23.6,W,4,3,,regular_season,2023-24,8478916,J. Daccord,False,2.0,False,0.6,2.878,0.9036224494500257
2023-11-18,TBL,0,0,0,-2,3.0,23.0,L,4,6,,regular_season,2023-24,8477992,J. Johansson,False,3.0,False,0.6,3.2683,0.9027320688355733
2023-11-20,FLA,2,0,2,-1,3.0,24.0,L,3,5,,regular_season,2023-24,8475683,S. Bobrovsky,False,2.0,False,0.6,2.439,0.9061149757055067
2023-11-22,CAR,0,1,1,-3,1.0,19.666666666666668,L,3,6,,regular_season,2023-24,8477293,A. Raanta,False,2.0,False,1.0,2.6341,0.9049465542783799
2023-11-24,WSH,0,4,4,1,2.0,18.6,W,5,0,,regular_season,2023-24,8479292,C. Lindgren,False,2.0,False,1.2,3.1341,0.9048769889707741
2023-11-26,ANA,1,4,5,3,4.0,19.05,W,8,2,,regular_season,2023-24,8480843,L. Dostal,False,2.0,False,1.6,3.5976,0.9014338898431417
2023-11-28,VGK,1,2,3,0,2.0,22.116666666666667,W,5,4,,regular_season,2023-24,8480313,L. Thompson,False,2.0,False,2.4,2.9878,0.9089959890958307
2023-11-30,WPG,0,1,1,0,1.0,22.616666666666667,W,3,1,,regular_season,2023-24,8476945,C. Hellebuyck,False,2.0,False,3.0,2.4268,0.9091178072517649
2023-12-06,CAR,0,3,3,3,2.0,18.516666666666666,W,6,1,,regular_season,2023-24,8481611,P. Kochetkov,False,6.0,False,2.8,2.6341,0.8995695252545045
2023-12-08,MIN,1,1,2,1,4.0,21.73333333333333,W,4,3,,regular_season,2023-24,8470594,M. Fleury,False,2.0,False,3.2,3.2073,0.9049988260902732
2023-12-10,NJD,1,1,2,2,3.0,21.75,W,4,1,,regular_season,2023-24,8481033,A. Schmid,False,2.0,False,2.8,3.4512,0.9073433995270753
2023-12-12,CHI,0,2,2,0,3.0,20.383333333333333,W,4,1,,regular_season,2023-24,8475852,P. Mrazek,False,2.0,False,2.2,3.5366,0.9031490040900476
2023-12-14,TBL,1,1,2,-1,7.0,22.916666666666668,L,4,7,,regular_season,2023-24,8476883,A. Vasilevskiy,False,2.0,False,2.0,3.2683,0.9070200846345279
2023-12-16,FLA,0,1,1,-1,5.0,19.866666666666667,L,1,5,,regular_season,2023-24,8475683,S. Bobrovsky,False,2.0,False,2.2,2.439,0.9073955280212601
2023-12-19,NYI,0,0,0,-1,3.0,24.9,L,1,3,,regular_season,2023-24,8478009,I. Sorokin,False,3.0,False,1.8,3.2073,0.9154720067141845
2023-12-21,NJD,1,1,2,2,2.0,20.03333333333333,W,6,3,,regular_season,2023-24,8481033,A. Schmid,False,2.0,False,1.4,3.4512,0.9055859219160409
2023-12-22,NYR,0,1,1,0,1.0,21.866666666666667,W,4,3,,regular_season,2023-24,8471734,J. Quick,False,1.0,True,1.4,2.7927,0.90202611909453
2023-12-28,SJS,0,1,1,3,1.0,16.083333333333332,W,5,0,,regular_season,2023-24,8480992,M. Chrona,False,6.0,False,1.2,4.0366,0.9011550831557631
2023-12-30,LAK,1,1,2,1,5.0,25.866666666666667,W,3,2,,regular_season,2023-24,8475660,C. Talbot,False,2.0,False,1.0,2.622,0.9046294334237088
2023-12-31,ANA,0,1,1,1,2.0,19.183333333333334,W,7,2,,regular_season,2023-24,8476434,J. Gibson,False,1.0,True,1.2,3.5976,0.9034233654623386
2024-01-02,PHI,1,4,5,3,2.0,16.583333333333332,W,5,2,,regular_season,2023-24,8479394,C. Hart,False,2.0,False,1.4,3.1829,0.9060312214636691
2024-01-06,OTT,0,1,1,1,8.0,21.05,W,3,1,,regular_season,2023-24,8476341,A. Forsberg,False,4.0,False,2.0,3.4268,0.894726916551246
2024-01-09,CHI,1,0,1,0,3.0,22.616666666666667,W,2,1,,regular_season,2023-24,8475852,P. Mrazek,False,3.0,False,2.0,3.5366,0.903395168656585
2024-01-11,DET,1,0,1,2,7.0,23.1,W,3,2,,regular_season,2023-24,8479312,A. Lyon,False,2.0,False,2.0,3.3415,0.907883553336063
2024-01-13,MTL,0,1,1,0,1.0,26.166666666666668,W,2,1,,regular_season,2023-24,8478470,S. Montembeault,False,2.0,False,1.8,3.5244,0.9032262842904004
2024-01-16,TOR,0,1,1,1,5.0,22.566666666666663,W,4,2,,regular_season,2023-24,8474889,M. Jones,False,3.0,False,1.8,3.2073,0.9002267404688123
2024-01-18,SEA,0,1,1,-1,5.0,20.916666666666668,W,4,2,,regular_season,2023-24,8478916,J. Daccord,False,2.0,False,1.0,2.878,0.9119680501305761
2024-01-20,CGY,0,0,0,0,2.0,23.23333333333333,W,3,1,,regular_season,2023-24,8478435,D. Vladar,False,2.0,False,1.0,3.3049,0.8936569298078877
2024-01-23,CBJ,1,0,1,1,5.0,21.75,W,4,1,,regular_season,2023-24,8478007,E. Merzlikins,False,3.0,False,0.8,3.6585,0.9028051361105839
2024-01-25,CHI,2,1,3,2,7.0,20.6,W,3,0,,regular_season,2023-24,8475852,P. Mrazek,False,2.0,False,0.8,3.5366,0.9044021828556422
2024-01-27,NSH,1,3,4,2,5.0,19.23333333333333,W,4,1,,regular_season,2023-24,8480947,K. Lankinen,False,2.0,False,1.2,3.0244,0.9021336991408015
2024-02-06,VGK,1,0,1,-1,8.0,22.433333333333334,L,1,3,,regular_season,2023-24,8478499,A. Hill,False,10.0,False,1.8,2.9878,0.9197864258622145
2024-02-09,ANA,0,3,3,2,3.0,20.3,W,5,3,,regular_season,2023-24,8476434,J. Gibson,False,3.0,False,1.8,3.5976,0.9011521260753494
2024-02-10,LAK,0,0,0,-2,2.0,23.15,L,0,4,,regular_season,2023-24,8479496,D. Rittich,False,1.0,True,2.4,2.622,0.9054141492935366
2024-02-13,DET,0,6,6,6,2.0,19.05,W,8,4,,regular_season,2023-24,8478024,V. Husso,False,3.0,False,2.2,3.3415,0.8947092045128895
2024-02-15,STL,0,3,3,-2,2.0,18.78333333333333,L,3,6,,regular_season,2023-24,8476412,J. Binnington,False,2.0,False,2.8,3.0488,0.9041081461023077
2024-02-17,DAL,0,1,1,2,3.0,22.8,W,4,3,,regular_season,2023-24,8479979,J. Oettinger,False,2.0,False,2.6,2.8537,0.9033209770703924
2024-02-19,ARI,0,2,2,1,1.0,20.633333333333333,W,6,3,,regular_season,2023-24,8480191,M. Villalta,False,2.0,False,2.6,3.3415,0.9038919257991958
2024-02-21,BOS,0,2,2,2,4.0,25.566666666666663,L,5,6,,regular_season,2023-24,8480280,J. Swayman,False,2.0,False,2.4,2.7317,0.9134686325519016
2024-02-23,MIN,0,2,2,-4,6.0,23.2,L,2,4,,regular_season,2023-24,8479406,F. Gustavsson,False,2.0,False,2.8,3.2073,0.9062711699074758
2024-02-24,CGY,0,2,2,-2,2.0,19.683333333333334,L,3,6,,regular_season,2023-24,8478435,D. Vladar,False,1.0,True,2.0,3.3049,0.8973227261409159
2024-02-26,LAK,0,2,2,1,3.0,20.416666666666668,W,4,2,,regular_season,2023-24,8479496,D. Rittich,False,2.0,False,1.8,2.622,0.9039796145368664
2024-02-28,STL,1,2,3,1,4.0,24.816666666666663,W,3,2,,regular_season,2023-24,8476412,J. Binnington,False,2.0,False,2.0,3.0488,0.9032935520174511
2024-03-02,SEA,0,1,1,1,2.0,22.75,W,2,1,,regular_season,2023-24,8475831,P. Grubauer,False,3.0,False,2.2,2.878,0.9010703942777186
2024-03-03,PIT,1,1,2,3,5.0,17.3,W,6,1,,regular_season,2023-24,8477968,A. Nedeljkovic,False,1.0,True,2.0,3.061,0.9087262148921421
2024-03-05,BOS,0,2,2,2,7.0,23.016666666666666,W,2,1,,regular_season,2023-24,8476999,L. Ullmark,False,2.0,False,2.0,2.7317,0.9088039283013343
2024-03-07,CBJ,0,1,1,0,2.0,24.3,L,2,4,,regular_season,2023-24,8480193,D. Tarasov,False,2.0,False,2.0,3.6585,0.8946305130804105
2024-03-09,BUF,0,0,0,-1,2.0,23.08333333333333,L,2,3,,regular_season,2023-24,8480045,U. Luukkonen,False,2.0,False,1.8,2.9756,0.9067311155512789
2024-03-10,PIT,1,2,3,3,4.0,18.916666666666668,W,4,0,,regular_season,2023-24,8477465,T. Jarry,False,1.0,True,1.2,3.061,0.9054534318666628
2024-03-13,WSH,1,2,3,2,2.0,18.966666666666665,W,7,2,,regular_season,2023-24,8475311,D. Kuemper,False,3.0,False,1.6,3.1341,0.897756069666538
2024-03-16,COL,0,0,0,-2,5.0,24.066666666666663,L,2,3,,regular_season,2023-24,8480382,A. Georgiev,False,3.0,False,1.8,3.0976,0.9056611960889491
2024-03-19,MTL,1,1,2,0,9.0,24.15,W,3,2,,regular_season,2023-24,8478470,S. Montembeault,False,3.0,False,1.4,3.5244,0.9027415697154527
2024-03-21,BUF,0,4,4,2,0.0,19.683333333333334,W,8,3,,regular_season,2023-24,8480045,U. Luukkonen,False,2.0,False,1.6,2.9756,0.9099809924251043
2024-03-23,TOR,0,3,3,-1,1.0,23.5,L,3,6,,regular_season,2023-24,8478492,I. Samsonov,False,2.0,False,2.4,3.2073,0.900834085154096
2024-03-24,OTT,0,2,2,-1,3.0,22.95,L,3,5,,regular_season,2023-24,8476914,J. Korpisalo,False,1.0,True,2.4,3.4268,0.8964618771770543
2024-03-26,WPG,0,2,2,-1,1.0,20.633333333333333,W,4,3,,regular_season,2023-24,8476945,C. Hellebuyck,False,2.0,False,2.2,2.4268,0.9143772945773585
2024-03-28,LAK,1,2,3,3,1.0,21.566666666666663,W,4,1,,regular_season,2023-24,8475660,C. Talbot,False,2.0,False,2.6,2.622,0.908316191109063
2024-03-30,ANA,2,1,3,2,7.0,15.816666666666666,W,6,1,,regular_season,2023-24,8476434,J. Gibson,False,2.0,False,2.8,3.5976,0.8961907999111293
2024-04-01,STL,0,1,1,-1,3.0,21.73333333333333,L,2,3,,regular_season,2023-24,8476412,J. Binnington,False,2.0,False,2.6,3.0488,0.9096989212949921
2024-04-03,DAL,0,0,0,0,8.0,20.08333333333333,L,0,5,,regular_season,2023-24,8479979,J. Oettinger,False,2.0,False,2.2,2.8537,0.902560606574102
2024-04-05,COL,2,0,2,2,9.0,20.183333333333334,W,6,2,,regular_season,2023-24,8480382,A. Georgiev,False,2.0,False,1.8,3.0976,0.9035287228217381
2024-04-06,CGY,0,2,2,0,3.0,20.65,W,4,2,,regular_season,2023-24,8474593,J. Markstrom,False,1.0,True,1.8,3.3049,0.906126761449682
2024-04-15,SJS,1,1,2,3,3.0,15.75,W,9,2,,regular_season,2023-24,8482445,D. Cooley,False,9.0,False,1.6,4.0366,0.9055143972882552
2024-04-17,ARI,0,0,0,-2,2.0,18.166666666666668,L,2,5,,regular_season,2023-24,8478971,C. Ingram,False,2.0,False,1.4,3.3415,0.9051864427214737
2024-04-22,LAK,0,5,5,1,3.0,18.78333333333333,W,7,4,1.0,first_round,2023-24,8475660,C. Talbot,False,5.0,False,1.2,2.622,0.9090280027556039
2024-04-24,LAK,0,1,1,-1,1.0,22.35,L,4,5,2.0,first_round,2023-24,8475660,C. Talbot,False,2.0,False,2.2,2.622,0.9082077627025218
2024-04-26,LAK,1,2,3,1,5.0,18.53333333333333,W,6,1,3.0,first_round,2023-24,8475660,C. Talbot,False,2.0,False,2.0,2.622,0.9077508304566847
2024-04-28,LAK,0,1,1,0,1.0,21.95,W,1,0,4.0,first_round,2023-24,8479496,D. Rittich,False,2.0,False,2.2,2.622,0.9101308388863325
2024-05-01,LAK,0,2,2,2,4.0,23.6,W,4,3,5.0,first_round,2023-24,8479496,D. Rittich,False,3.0,False,2.0,2.622,0.9102430144355642
2024-05-08,VAN,0,1,1,-1,0.0,24.05,L,4,5,1.0,second_round,2023-24,8481668,A. Silovs,False,7.0,False,2.4,2.7195,0.9043368064102195
2024-05-10,VAN,1,3,4,2,5.0,28.2,W,4,3,2.0,second_round,2023-24,8481668,A. Silovs,False,2.0,False,1.6,2.7195,0.9023789983975872
2024-05-12,VAN,0,0,0,0,4.0,29.7,L,3,4,3.0,second_round,2023-24,8481668,A. Silovs,False,2.0,False,2.2,2.7195,0.9014939622349036
2024-05-14,VAN,0,1,1,0,4.0,23.2,W,3,2,4.0,second_round,2023-24,8481668,A. Silovs,False,2.0,False,1.6,2.7195,0.9026732520838201
2024-05-16,VAN,0,0,0,-2,2.0,23.416666666666668,L,2,3,5.0,second_round,2023-24,8481668,A. Silovs,False,2.0,False,1.6,2.7195,0.9025885263317468
2024-05-18,VAN,0,3,3,3,2.0,20.98333333333333,W,5,1,6.0,second_round,2023-24,8481668,A. Silovs,True,2.0,False,1.2,2.7195,0.9027508276709663
2024-05-20,VAN,0,0,0,0,1.0,20.516666666666666,W,3,2,7.0,second_round,2023-24,8481668,A. Silovs,True,2.0,False,1.6,2.7195,0.900929638234546
2024-05-23,DAL,1,1,2,2,4.0,27.066666666666663,W,3,2,1.0,conf_finals,2023-24,8479979,J. Oettinger,False,3.0,False,0.8,2.8537,0.9058797463432982
2024-05-25,DAL,0,0,0,-1,1.0,24.48333333333333,L,1,3,2.0,conf_finals,2023-24,8479979,J. Oettinger,False,2.0,False,1.2,2.8537,0.9055160932516348
2024-05-27,DAL,1,1,2,-1,6.0,21.766666666666666,L,3,5,3.0,conf_finals,2023-24,8479979,J. Oettinger,False,2.0,False,1.0,2.8537,0.9058528957671578
2024-05-29,DAL,0,3,3,2,5.0,19.83333333333333,W,5,2,4.0,conf_finals,2023-24,8479979,J. Oettinger,False,2.0,False,1.4,2.8537,0.9069095873738717
2024-05-31,DAL,0,1,1,0,5.0,20.366666666666667,W,3,1,5.0,conf_finals,2023-24,8479979,J. Oettinger,False,2.0,False,1.4,2.8537,0.9064419088715964
2024-06-02,DAL,1,1,2,0,2.0,23.73333333333333,W,2,1,6.0,conf_finals,2023-24,8479979,J. Oettinger,False,2.0,False,1.6,2.8537,0.9062639009717691
2024-06-08,FLA,0,0,0,-2,6.0,25.316666666666663,L,0,3,1.0,stanley_cup_finals,2023-24,8475683,S. Bobrovsky,False,6.0,False,1.6,2.439,0.9083728235543281
2024-06-10,FLA,0,1,1,1,3.0,25.98333333333333,L,1,4,2.0,stanley_cup_finals,2023-24,8475683,S. Bobrovsky,False,2.0,False,1.6,2.439,0.9093893846694933
2024-06-13,FLA,0,2,2,1,5.0,25.23333333333333,L,3,4,3.0,stanley_cup_finals,2023-24,8475683,S. Bobrovsky,False,3.0,False,1.4,2.439,0.9113484300087263
2024-06-15,FLA,1,3,4,2,2.0,17.45,W,8,1,4.0,stanley_cup_finals,2023-24,8475683,S. Bobrovsky,True,2.0,False,1.2,2.439,0.9113762392861997
2024-06-18,FLA,2,2,4,2,2.0,24.616666666666667,W,5,3,5.0,stanley_cup_finals,2023-24,8475683,S. Bobrovsky,True,3.0,False,1.8,2.439,0.9102116145821441
2024-06-21,FLA,0,0,0,1,0.0,18.966666666666665,W,5,1,6.0,stanley_cup_finals,2023-24,8475683,S. Bobrovsky,True,3.0,False,2.2,2.439,0.9095857152618877
2024-06-24,FLA,0,0,0,0,2.0,25.7,L,1,2,7.0,stanley_cup_finals,2023-24,8475683,S. Bobrovsky,True,3.0,False,2.2,2.439,0.9091772401903215
2024-10-09,WPG,0,0,0,-2,0.0,20.816666666666663,L,0,6,,regular_season,2024-25,8476945,C. Hellebuyck,False,,False,,2.3457,0.911776888875713
2024-10-12,CHI,0,1,1,-1,3.0,23.53333333333333,L,2,5,,regular_season,2024-25,8475852,P. Mrazek,False,3.0,False,0.0,3.6098,0.904491267733785
2024-10-13,CGY,0,1,1,-2,5.0,20.45,L,1,4,,regular_season,2024-25,8478435,D. Vladar,False,1.0,True,0.5,2.9259,0.8937739569547046
2024-10-15,PHI,0,2,2,2,1.0,24.1,W,4,3,,regular_season,2024-25,8481035,S. Ersson,False,2.0,False,0.6666666666666666,3.4691,0.8965631600397209
2024-10-17,NSH,1,0,1,2,4.0,21.183333333333334,W,4,2,,regular_season,2024-25,8477424,J. Saros,False,2.0,False,1.0,3.3704,0.9045824367227905
2024-10-19,DAL,0,1,1,0,3.0,22.58333333333333,L,1,4,,regular_season,2024-25,8479979,J. Oettinger,False,2.0,False,1.0,2.7037,0.9060835485698935
2024-10-22,CAR,2,0,2,0,5.0,25.616666666666667,L,2,3,,regular_season,2024-25,8475883,F. Andersen,False,3.0,False,1.2,2.775,0.9116635041946829
2024-10-25,PIT,0,0,0,2,5.0,20.116666666666667,W,4,0,,regular_season,2024-25,8482446,J. Blomqvist,False,3.0,False,1.4,3.5926,0.9036841115690695
2024-10-27,DET,0,2,2,3,4.0,22.816666666666663,W,3,2,,regular_season,2024-25,8475660,C. Talbot,False,2.0,False,1.2,3.1625,0.907023351943744
2024-10-28,CBJ,0,0,0,0,0.0,0.6166666666666667,L,1,6,,regular_season,2024-25,8478007,E. Merzlikins,False,1.0,True,1.2,3.2963,0.898541039923124
2024-11-06,VGK,0,0,0,-1,2.0,21.03333333333333,L,2,4,,regular_season,2024-25,8478499,A. Hill,False,9.0,False,1.0,2.6914,0.9007651001567725
2024-11-09,VAN,1,2,3,1,4.0,19.933333333333334,W,7,3,,regular_season,2024-25,8480947,K. Lankinen,False,3.0,False,0.8,3.0741,0.9078315596769948
2024-11-12,NYI,1,3,4,1,8.0,20.916666666666668,W,4,3,,regular_season,2024-25,8478009,I. Sorokin,False,3.0,False,1.0,3.1358,0.9067262840299277
2024-11-14,NSH,1,1,2,1,8.0,24.95,W,3,2,,regular_season,2024-25,8475809,S. Wedgewood,False,2.0,False,1.8,3.3704,0.8973966093757121
2024-11-16,TOR,1,1,2,-3,4.0,24.766666666666666,L,3,4,,regular_season,2024-25,8476932,A. Stolarz,False,2.0,False,1.8,2.8148,0.9152711368109305
2024-11-18,MTL,0,0,0,-2,1.0,22.7,L,0,3,,regular_season,2024-25,8478470,S. Montembeault,False,2.0,False,2.2,3.2469,0.9017884372489489
2024-11-19,OTT,2,1,3,3,5.0,22.133333333333333,W,5,2,,regular_season,2024-25,8476999,L. Ullmark,False,1.0,True,2.2,2.8272,0.9049979601782019
2024-11-21,MIN,0,1,1,0,4.0,24.666666666666668,L,3,5,,regular_season,2024-25,8470594,M. Fleury,False,2.0,False,2.2,2.9146,0.9024725554724282
2024-11-23,NYR,2,1,3,3,3.0,20.066666666666663,W,6,2,,regular_season,2024-25,8471734,J. Quick,False,2.0,False,1.6,3.1481,0.9080324944522259
2024-11-29,UTA,1,1,2,-3,6.0,23.766666666666666,W,4,3,,regular_season,2024-25,8478872,K. Vejmelka,False,6.0,False,1.8,3.061,0.9035567552241026
2024-11-30,COL,0,1,1,1,4.0,20.35,W,4,1,,regular_season,2024-25,8480382,A. Georgiev,False,1.0,True,1.8,2.8537,0.8955408847060272
2024-12-03,VGK,0,0,0,0,4.0,24.966666666666665,L,0,1,,regular_season,2024-25,8478499,A. Hill,False,3.0,False,2.0,2.6914,0.8986867656778978
2024-12-05,CBJ,0,4,4,2,1.0,20.6,W,6,3,,regular_season,2024-25,8480193,D. Tarasov,False,2.0,False,1.4,3.2963,0.900364829069042
2024-12-07,STL,1,1,2,0,2.0,21.7,W,4,2,,regular_season,2024-25,8476412,J. Binnington,False,2.0,False,2.0,2.8415,0.9067052475375075
2024-12-10,TBL,1,0,1,1,4.0,22.05,W,2,1,,regular_season,2024-25,8476883,A. Vasilevskiy,False,3.0,False,1.8,2.6543,0.9024660942172569
2024-12-12,MIN,0,2,2,1,2.0,19.9,W,7,1,,regular_season,2024-25,8479406,F. Gustavsson,False,2.0,False,1.6,2.9146,0.9077025900002791
2024-12-14,VGK,0,1,1,0,2.0,20.4,W,6,3,,regular_season,2024-25,8478499,A. Hill,False,2.0,False,1.8,2.6914,0.9008195537315924
2024-12-16,FLA,0,3,3,-2,0.0,23.0,L,5,6,,regular_season,2024-25,8475683,S. Bobrovsky,False,2.0,False,2.0,2.7195,0.9060520850207737
2024-12-19,BOS,1,0,1,2,2.0,24.78333333333333,W,3,2,,regular_season,2024-25,8480280,J. Swayman,False,3.0,False,1.8,3.3171,0.9043932629660737
2024-12-21,SJS,0,3,3,3,2.0,25.316666666666663,W,3,2,,regular_season,2024-25,8482137,Y. Askarov,False,2.0,False,1.6,3.8519,0.9053016494444762
2024-12-22,OTT,0,1,1,0,2.0,22.65,W,3,1,,regular_season,2024-25,8476999,L. Ullmark,False,1.0,True,2.0,2.8272,0.9098162786819942
2024-12-28,LAK,0,1,1,0,0.0,23.45,L,3,4,,regular_season,2024-25,8475311,D. Kuemper,False,6.0,False,1.8,2.4815,0.8995870241887923
2024-12-29,ANA,0,2,2,-3,2.0,21.33333333333333,L,3,5,,regular_season,2024-25,8480843,L. Dostal,False,1.0,True,1.8,3.2222,0.9069844254074324
2024-12-31,UTA,0,2,2,2,2.0,21.183333333333334,W,4,1,,regular_season,2024-25,8483530,J. Stauber,False,2.0,False,1.6,3.061,0.9045815611266764
2025-01-03,ANA,0,0,0,0,0.0,22.73333333333333,W,3,2,,regular_season,2024-25,8480843,L. Dostal,False,3.0,False,1.8,3.2222,0.9057687632584486
2025-01-04,SEA,0,0,0,1,6.0,22.166666666666668,W,4,2,,regular_season,2024-25,8475831,P. Grubauer,False,1.0,True,1.2,3.2317,0.8991110881078892
2025-01-07,BOS,1,0,1,0,5.0,18.066666666666663,W,4,0,,regular_season,2024-25,8480280,J. Swayman,False,3.0,False,1.0,3.3171,0.9057716170380322
2025-01-09,PIT,0,3,3,0,3.0,26.916666666666668,L,3,5,,regular_season,2024-25,8477968,A. Nedeljkovic,False,2.0,False,1.0,3.5926,0.8949267637582227
2025-01-11,CHI,0,0,0,-2,1.0,21.83333333333333,W,4,3,,regular_season,2024-25,8482821,A. Soderblom,False,2.0,False,1.2,3.6098,0.8989960246147308
2025-01-13,LAK,1,0,1,1,5.0,24.3,W,1,0,,regular_season,2024-25,8475311,D. Kuemper,False,2.0,False,0.8,2.4815,0.9052396720191537
2025-01-15,MIN,2,1,3,1,3.0,21.633333333333333,W,5,3,,regular_season,2024-25,8479406,F. Gustavsson,False,2.0,False,1.0,2.9146,0.9071940415032433
2025-01-16,COL,1,1,2,1,2.0,24.28333333333333,W,4,3,,regular_season,2024-25,8478406,M. Blackwood,False,1.0,True,1.6,2.8537,0.9101099895129474
2025-01-18,VAN,0,1,1,1,2.0,24.5,L,2,3,,regular_season,2024-25,8477967,T. Demko,False,2.0,False,1.8,3.0741,0.9023795852433336
2025-01-27,SEA,1,0,1,1,2.0,21.0,W,4,2,,regular_season,2024-25,8478916,J. Daccord,False,9.0,False,1.4,3.2317,0.9087154800221078
2025-01-30,DET,0,1,1,-1,5.0,25.916666666666668,L,2,3,,regular_season,2024-25,8479312,A. Lyon,False,3.0,False,1.6,3.1625,0.89720718621113
2025-02-01,TOR,0,0,0,0,9.0,25.416666666666668,L,3,4,,regular_season,2024-25,8479361,J. Woll,False,2.0,False,1.6,2.8148,0.9044537427547106
2025-02-04,STL,1,2,3,1,1.0,24.716666666666665,W,3,2,,regular_season,2024-25,8476412,J. Binnington,False,3.0,False,1.0,2.8415,0.9057445202704734
2025-02-05,CHI,0,1,1,-2,2.0,21.766666666666666,W,4,3,,regular_season,2024-25,8482821,A. Soderblom,False,1.0,True,1.2,3.6098,0.9024047641734378
2025-02-07,COL,0,0,0,-3,5.0,24.066666666666663,L,4,5,,regular_season,2024-25,8478406,M. Blackwood,False,2.0,False,1.2,2.8537,0.9087658405074295
2025-02-12,SWE,0,1,1,-1,,21.433333333333334,W,4,3,1.0,four_nations_faceoff_group,2024-25,,,False,5.0,False,1.0,,
2025-02-15,USA,1,0,1,-1,,22.73333333333333,L,1,3,2.0,four_nations_faceoff_group,2024-25,,,False,3.0,False,1.0,,
2025-02-17,FIN,1,1,2,1,,16.483333333333334,W,5,3,3.0,four_nations_faceoff_group,2024-25,,,False,2.0,False,1.2,,
2025-02-20,USA,1,0,1,0,,23.08333333333333,W,3,2,4.0,four_nations_faceoff_finals,2024-25,,,True,3.0,False,1.0,,
2025-02-22,PHI,0,0,0,-3,2.0,19.98333333333333,L,3,6,,regular_season,2024-25,8481035,S. Ersson,False,2.0,False,1.0,3.4691,0.8945763647460662
2025-02-23,WSH,0,1,1,-3,0.0,20.28333333333333,L,3,7,,regular_season,2024-25,8479292,C. Lindgren,False,1.0,True,1.0,2.8025,0.9015609953820997
2025-02-25,TBL,0,1,1,-1,2.0,20.5,L,1,4,,regular_season,2024-25,8476883,A. Vasilevskiy,False,2.0,False,1.0,2.6543,0.9097493839068448
2025-02-27,FLA,0,1,1,0,2.0,22.766666666666666,L,3,4,,regular_season,2024-25,8475683,S. Bobrovsky,False,2.0,False,1.0,2.7195,0.9041160316521003
2025-03-01,CAR,0,1,1,0,4.0,24.7,W,3,1,,regular_season,2024-25,8475883,F. Andersen,False,2.0,False,0.8,2.775,0.9087647412453475
2025-03-04,ANA,1,1,2,-2,5.0,21.98333333333333,L,2,6,,regular_season,2024-25,8480843,L. Dostal,False,3.0,False,0.8,3.2222,0.9056536681462195
2025-03-06,MTL,0,2,2,0,3.0,26.966666666666665,W,3,2,,regular_season,2024-25,8478470,S. Montembeault,False,2.0,False,1.2,3.2469,0.9004623800697013
2025-03-08,DAL,1,1,2,2,4.0,20.95,W,5,4,,regular_season,2024-25,8479979,J. Oettinger,False,2.0,False,1.4,2.7037,0.9099897318697119
2025-03-10,BUF,0,1,1,-1,2.0,26.016666666666666,L,2,3,,regular_season,2024-25,8480045,U. Luukkonen,False,2.0,False,1.6,3.5185,0.8958406370752791
2025-03-13,NJD,0,2,2,2,2.0,25.1,L,2,3,,regular_season,2024-25,8474596,J. Allen,False,3.0,False,1.6,2.679,0.903491330736114
2025-03-14,NYI,0,1,1,1,1.0,24.98333333333333,W,2,1,,regular_season,2024-25,8478009,I. Sorokin,False,1.0,True,1.8,3.1358,0.9028743972427069
2025-03-16,NYR,1,0,1,1,1.0,20.7,W,3,1,,regular_season,2024-25,8478048,I. Shesterkin,False,2.0,False,1.6,3.1481,0.9089386531811244
2025-03-18,UTA,1,2,3,4,4.0,16.766666666666666,W,7,1,,regular_season,2024-25,8478872,K. Vejmelka,False,2.0,False,1.4,3.061,0.9041211671921568
2025-03-20,WPG,0,1,1,1,0.0,14.983333333333333,L,3,4,,regular_season,2024-25,8476945,C. Hellebuyck,False,2.0,False,1.6,2.3457,0.9113578643792721
2025-04-09,STL,0,3,3,3,0.0,20.58333333333333,W,4,3,,regular_season,2024-25,8476412,J. Binnington,False,20.0,False,1.6,2.8415,0.9027956147979085
2025-04-11,SJS,0,4,4,2,4.0,23.616666666666667,W,4,2,,regular_season,2024-25,8484312,G. Romanov,False,2.0,False,1.8,3.8519,0.8986889749716442
2025-04-13,WPG,0,2,2,3,4.0,19.933333333333334,W,4,1,,regular_season,2024-25,8477480,E. Comrie,False,2.0,False,2.4,2.3457,0.9057703424003274
2025-04-16,SJS,0,1,1,1,1.0,17.516666666666666,W,3,0,,regular_season,2024-25,8480382,A. Georgiev,False,3.0,False,2.6,3.8519,0.886437671276082
2025-04-21,LAK,1,3,4,1,3.0,23.35,L,5,6,1.0,first_round,2024-25,8475311,D. Kuemper,False,5.0,False,2.2,2.4815,0.9120043849315642
2025-04-23,LAK,0,0,0,0,2.0,20.28333333333333,L,2,6,2.0,first_round,2024-25,8475311,D. Kuemper,False,2.0,False,2.8,2.4815,0.9108175125457888
2025-04-25,LAK,1,2,3,2,4.0,21.716666666666665,W,7,4,3.0,first_round,2024-25,8475311,D. Kuemper,False,2.0,False,2.2,2.4815,0.9109700357132555
2025-04-27,LAK,0,2,2,1,7.0,30.78333333333333,W,4,3,4.0,first_round,2024-25,8475311,D. Kuemper,False,2.0,False,2.0,2.4815,0.9101580894034748
2025-04-29,LAK,0,1,1,1,2.0,22.8,W,3,1,5.0,first_round,2024-25,8475311,D. Kuemper,False,2.0,False,2.0,2.4815,0.9102425900968223
2025-05-01,LAK,0,1,1,0,5.0,21.08333333333333,W,6,4,6.0,first_round,2024-25,8475311,D. Kuemper,False,2.0,False,2.0,2.4815,0.9110708474055889
2025-05-06,VGK,0,2,2,1,4.0,22.55,W,4,2,1.0,second_round,2024-25,8478499,A. Hill,False,5.0,False,1.4,2.6914,0.9023404774044901
2025-05-08,VGK,0,1,1,1,3.0,29.816666666666663,W,5,4,2.0,second_round,2024-25,8478499,A. Hill,False,2.0,False,1.8,2.6914,0.9018079009435211
2025-05-10,VGK,1,1,2,-1,5.0,23.966666666666665,L,3,4,3.0,second_round,2024-25,8478499,A. Hill,False,2.0,False,1.4,2.6914,0.9012842602820663
2025-05-12,VGK,0,1,1,1,5.0,21.216666666666665,W,3,0,4.0,second_round,2024-25,8478499,A. Hill,False,2.0,False,1.4,2.6914,0.900897630526166
2025-05-14,VGK,0,0,0,0,3.0,23.83333333333333,W,1,0,5.0,second_round,2024-25,8478499,A. Hill,False,2.0,False,1.4,2.6914,0.9009754003418275
2025-05-21,DAL,0,2,2,-1,4.0,22.73333333333333,L,3,6,1.0,conf_finals,2024-25,8479979,J. Oettinger,False,7.0,False,1.2,2.7037,0.9069354862678013
2025-05-23,DAL,0,1,1,1,4.0,23.133333333333333,W,3,0,2.0,conf_finals,2024-25,8479979,J. Oettinger,False,2.0,False,1.2,2.7037,0.9067554326536243
2025-05-25,DAL,2,0,2,3,2.0,21.416666666666668,W,6,1,3.0,conf_finals,2024-25,8479979,J. Oettinger,False,2.0,False,1.2,2.7037,0.9063520191936173
2025-05-27,DAL,0,2,2,1,3.0,23.2,W,4,1,4.0,conf_finals,2024-25,8479979,J. Oettinger,False,2.0,False,1.2,2.7037,0.9046423095924065
2025-05-29,DAL,1,1,2,-1,3.0,20.33333333333333,W,6,3,5.0,conf_finals,2024-25,8479979,J. Oettinger,False,2.0,False,1.4,2.7037,0.9049924696454412
2025-06-04,FLA,0,2,2,0,4.0,31.2,W,4,3,1.0,stanley_cup_finals,2024-25,8475683,S. Bobrovsky,False,6.0,False,1.8,2.7195,0.9042076472362486
2025-06-06,FLA,0,3,3,0,7.0,35.11666666666667,L,4,5,2.0,stanley_cup_finals,2024-25,8475683,S. Bobrovsky,False,2.0,False,1.8,2.7195,0.9043465723022868
2025-06-09,FLA,0,0,0,-1,2.0,20.85,L,1,6,3.0,stanley_cup_finals,2024-25,8475683,S. Bobrovsky,False,3.0,False,2.2,2.7195,0.9034501679088912
2025-06-12,FLA,0,1,1,-1,4.0,29.666666666666668,W,5,4,4.0,stanley_cup_finals,2024-25,8475683,S. Bobrovsky,False,3.0,False,1.8,2.7195,0.90389117508435
2025-06-14,FLA,1,0,1,-1,2.0,25.816666666666663,L,2,5,5.0,stanley_cup_finals,2024-25,8475683,S. Bobrovsky,False,2.0,False,1.6,2.7195,0.903229172674384
2025-06-17,FLA,0,0,0,-4,2.0,22.5,L,1,5,6.0,stanley_cup_finals,2024-25,8475683,S. Bobrovsky,True,3.0,False,1.4,2.7195,0.9043786352608303
2025-10-08,CGY,0,2,2,1,5.0,26.35,L,3,4,,regular_season,2025-26,8481692,D. Wolf,False,,False,,3.1852,0.9058914522879631
2025-10-11,VAN,0,1,1,1,3.0,24.48333333333333,W,3,1,,regular_season,2025-26,8477967,T. Demko,False,3.0,False,2.0,3.8272,0.8968567150006189
2025-10-14,NYR,0,1,1,1,2.0,20.6,W,2,0,,regular_season,2025-26,8478048,I. Shesterkin,False,3.0,False,1.5,3.0488,0.9053897855893902
2025-10-16,NYI,0,1,1,-3,5.0,25.33333333333333,L,2,4,,regular_season,2025-26,8479496,D. Rittich,False,2.0,False,1.3333333333333333,2.939,0.8938394716288632
2025-10-18,NJD,0,2,2,-1,2.0,22.416666666666668,L,3,5,,regular_season,2025-26,8474596,J. Allen,False,2.0,False,1.25,3.0976,0.902652886680784
2025-10-19,DET,0,0,0,-2,2.0,22.066666666666663,L,2,4,,regular_season,2025-26,8476434,J. Gibson,False,1.0,True,1.4,3.1463,0.9042148291222266
2025-10-21,OTT,1,0,1,1,3.0,24.15,W,3,2,,regular_season,2025-26,8476999,L. Ullmark,False,2.0,False,1.0,3.0,0.9001999315429832
2025-10-23,MTL,0,3,3,0,3.0,22.58333333333333,W,6,5,,regular_season,2025-26,8478470,S. Montembeault,False,2.0,False,1.0,3.122,0.8990392721206315
2025-10-25,SEA,0,0,0,-1,0.0,24.716666666666665,L,2,3,,regular_season,2025-26,8478916,J. Daccord,False,2.0,False,1.4,3.2222,0.9037242004385487
2025-10-26,VAN,0,1,1,-1,3.0,23.05,L,3,4,,regular_season,2025-26,8477967,T. Demko,False,1.0,True,1.2,3.8272,0.8987717603043497
2025-10-28,UTA,2,0,2,2,3.0,22.616666666666667,W,6,3,,regular_season,2025-26,8478872,K. Vejmelka,False,2.0,False,1.0,2.9012,0.9028727260532556
2025-10-30,NYR,0,0,0,-2,6.0,24.55,L,3,4,,regular_season,2025-26,8478048,I. Shesterkin,False,2.0,False,1.4,3.0488,0.9023149729204084
2025-11-01,CHI,0,3,3,1,5.0,25.066666666666663,W,3,2,,regular_season,2025-26,8481519,S. Knight,False,2.0,False,1.2,3.3537,0.9021856285733739
2025-11-03,STL,0,2,2,0,0.0,21.5,L,2,3,,regular_season,2025-26,8476412,J. Binnington,False,2.0,False,1.2,3.1481,0.8971573706705721
2025-11-04,DAL,1,1,2,0,3.0,25.216666666666665,L,3,4,,regular_season,2025-26,8479193,C. DeSmith,False,1.0,True,1.6,2.7561,0.9033899265276241
2025-11-08,COL,1,0,1,-3,4.0,19.166666666666668,L,1,9,,regular_season,2025-26,8475809,S. Wedgewood,False,4.0,False,1.8,2.5062,0.905815625220359
2025-11-10,CBJ,2,0,2,2,5.0,23.53333333333333,W,5,4,,regular_season,2025-26,8482982,J. Greaves,False,2.0,False,1.6,3.0854,0.9089886177919685
2025-11-12,PHI,0,1,1,1,1.0,21.566666666666663,W,2,1,,regular_season,2025-26,8478435,D. Vladar,False,2.0,False,2.0,2.9634,0.8999137996367622
2025-11-13,CBJ,0,2,2,0,3.0,24.3,L,4,5,,regular_season,2025-26,8482982,J. Greaves,False,1.0,True,1.6,3.0854,0.9077511666351068
2025-11-15,CAR,2,1,3,2,5.0,24.516666666666666,W,4,3,,regular_season,2025-26,8475883,F. Andersen,False,2.0,False,1.6,2.9268,0.8971423180305752
2025-11-17,BUF,0,0,0,-2,1.0,23.58333333333333,L,1,5,,regular_season,2025-26,8481551,C. Ellis,False,2.0,False,1.8,2.939,0.8987334082556268
2025-11-19,WSH,0,2,2,-2,2.0,24.03333333333333,L,4,7,,regular_season,2025-26,8480313,L. Thompson,False,2.0,False,1.6,2.9756,0.9081383948161624
2025-11-20,TBL,0,0,0,-1,3.0,24.1,L,1,2,,regular_season,2025-26,8476883,A. Vasilevskiy,False,1.0,True,1.6,2.8171,0.9088483888682194
2025-11-22,FLA,1,0,1,1,3.0,20.8,W,6,3,,regular_season,2025-26,8475683,S. Bobrovsky,False,2.0,False,1.4,3.3659,0.9051139818263343
2025-11-25,DAL,0,1,1,-1,1.0,19.466666666666665,L,3,8,,regular_season,2025-26,8479979,J. Oettinger,False,3.0,False,1.2,2.7561,0.9029835493966021
2025-11-29,SEA,1,1,2,1,1.0,17.65,W,4,0,,regular_season,2025-26,8478916,J. Daccord,False,4.0,False,0.8,3.2222,0.9010007389409344
2025-12-02,MIN,0,0,0,-1,1.0,23.4,L,0,1,,regular_season,2025-26,8482661,J. Wallstedt,False,3.0,False,1.2,2.9268,0.9052259943444226
2025-12-04,SEA,3,1,4,0,7.0,17.333333333333332,W,9,4,,regular_season,2025-26,8478916,J. Daccord,False,2.0,False,0.8,3.2222,0.9011515375113607
2025-12-06,WPG,0,2,2,0,5.0,18.633333333333333,W,6,2,,regular_season,2025-26,8477480,E. Comrie,False,2.0,False,1.6,3.1358,0.9048039651741121
2025-12-09,BUF,2,0,2,1,6.0,25.85,L,3,4,,regular_season,2025-26,8481551,C. Ellis,False,3.0,False,1.8,2.939,0.8979460153808488
2025-12-11,DET,0,4,4,3,4.0,20.133333333333333,W,4,1,,regular_season,2025-26,8475660,C. Talbot,False,2.0,False,2.0,3.1463,0.8943807767628685
2025-12-13,TOR,2,1,3,3,2.0,19.7,W,6,3,,regular_season,2025-26,8483710,D. Hildeby,False,2.0,False,2.4,3.6463,0.904016440779038
2025-12-14,MTL,0,1,1,-1,3.0,25.866666666666667,L,1,4,,regular_season,2025-26,8482487,J. Dobes,False,1.0,True,3.0,3.122,0.8981619182645351
2025-12-16,PIT,2,2,4,0,6.0,22.516666666666666,W,6,4,,regular_season,2025-26,8479973,S. Skinner,False,2.0,False,2.4,3.2683,0.8948787973741127
2025-12-18,BOS,1,1,2,1,3.0,22.933333333333334,W,3,1,,regular_season,2025-26,8480280,J. Swayman,False,2.0,False,2.8,3.0488,0.9002983936669648
2025-12-20,MIN,1,0,1,-2,6.0,25.15,L,2,5,,regular_season,2025-26,8479406,F. Gustavsson,False,2.0,False,2.8,2.9268,0.9065379702395654
2025-12-21,VGK,1,2,3,1,5.0,19.766666666666666,W,4,3,,regular_season,2025-26,8479394,C. Hart,False,1.0,True,2.2,3.0488,0.9014597887569928
2025-12-23,CGY,0,5,5,1,6.0,20.616666666666667,W,5,1,,regular_season,2025-26,8481692,D. Wolf,False,2.0,False,2.2,3.1852,0.9022871560305085
2025-12-27,CGY,1,0,1,0,7.0,26.65,L,2,3,,regular_season,2025-26,8481692,D. Wolf,False,4.0,False,3.0,3.1852,0.9018632814179374
2025-12-29,WPG,0,1,1,1,1.0,19.716666666666665,W,3,1,,regular_season,2025-26,8476945,C. Hellebuyck,False,2.0,False,2.4,3.1358,0.9044837183462177
2025-12-31,BOS,0,1,1,-1,9.0,24.58333333333333,L,2,6,,regular_season,2025-26,8480280,J. Swayman,False,2.0,False,2.2,3.0488,0.8979027066387988
2026-01-03,PHI,1,1,2,-1,6.0,23.28333333333333,L,2,5,,regular_season,2025-26,8478435,D. Vladar,False,3.0,False,2.2,2.9634,0.9049173654635798
2026-01-06,NSH,3,0,3,2,10.0,22.466666666666665,W,6,2,,regular_season,2025-26,8477424,J. Saros,False,3.0,False,2.0,3.2593,0.8933029120052928
2026-01-08,WPG,1,1,2,1,5.0,24.4,W,4,3,,regular_season,2025-26,8476945,C. Hellebuyck,False,2.0,False,1.6,3.1358,0.9028737159911912
2026-01-10,LAK,1,0,1,-1,5.0,27.1,L,3,4,,regular_season,2025-26,8476341,A. Forsberg,False,2.0,False,1.8,3.0123,0.9033105769489228
2026-01-12,CHI,0,2,2,3,2.0,21.3,W,4,1,,regular_season,2025-26,8481519,S. Knight,False,2.0,False,1.8,3.3537,0.9043838720767162
2026-01-13,NSH,0,2,2,-1,3.0,26.416666666666668,L,3,4,,regular_season,2025-26,8477424,J. Saros,False,1.0,True,2.0,3.2593,0.8943217649142542
2026-01-15,NYI,0,0,0,0,5.0,25.55,L,0,1,,regular_season,2025-26,8478009,I. Sorokin,False,2.0,False,2.0,2.939,0.9063653406760795
2026-01-17,VAN,0,1,1,1,1.0,21.45,W,6,0,,regular_season,2025-26,8484268,N. Tolopilo,False,2.0,False,1.4,3.8272,0.8972405703190663
2026-01-18,STL,0,2,2,3,4.0,22.7,W,5,0,,regular_season,2025-26,8476412,J. Binnington,False,1.0,True,1.2,3.1481,0.891598999162662
2026-01-20,NJD,0,0,0,-1,4.0,25.28333333333333,L,1,2,,regular_season,2025-26,8474596,J. Allen,False,2.0,False,1.4,3.0976,0.9037754159932571
2026-01-22,PIT,0,0,0,-2,1.0,20.933333333333334,L,2,6,,regular_season,2025-26,8481668,A. Silovs,False,2.0,False,1.0,3.2683,0.8948934140917806
2026-01-24,WSH,2,3,5,5,9.0,28.716666666666665,W,6,5,,regular_season,2025-26,8479292,C. Lindgren,False,2.0,False,0.6,2.9756,0.8916629322225215
2026-01-26,ANA,1,1,2,3,3.0,23.6,W,7,4,,regular_season,2025-26,8478024,V. Husso,False,2.0,False,1.6,3.5062,0.898203247641295
2026-01-29,SJS,1,1,2,2,2.0,26.166666666666668,W,4,3,,regular_season,2025-26,8482137,Y. Askarov,False,3.0,False,1.8,3.5926,0.892183113428352
2026-01-31,MIN,0,1,1,-3,3.0,22.466666666666665,L,3,7,,regular_season,2025-26,8482661,J. Wallstedt,False,2.0,False,1.8,2.9268,0.9031322932171931
2026-02-03,TOR,0,0,0,-1,4.0,21.816666666666663,L,2,5,,regular_season,2025-26,8476932,A. Stolarz,False,3.0,False,2.0,3.6463,0.8993363654635633
2026-02-04,CGY,0,1,1,0,8.0,26.5,L,3,4,,regular_season,2025-26,8482445,D. Cooley,False,1.0,True,2.0,3.1852,0.9045065358494644
2026-02-12,CZH,0,3,3,2,,18.066666666666663,W,5,0,1.0,olympics_group,2025-26,,,False,8.0,False,1.2,,
2026-02-13,SUI,1,2,3,3,,14.366666666666667,W,5,1,2.0,olympics_group,2025-26,,,False,1.0,True,1.4,,
2026-02-15,FRA,1,2,3,2,,17.833333333333332,W,10,2,3.0,olympics_group,2025-26,,,False,2.0,False,1.6,,
2026-02-18,CZH,0,2,2,2,,21.8,W,4,3,4.0,olympics_quarterfinals,2025-26,,,True,3.0,False,2.0,,
2026-02-20,FIN,0,2,2,-1,,25.33333333333333,W,3,2,5.0,olympics_semifinals,2025-26,,,True,2.0,False,2.4,,
2026-02-22,USA,0,0,0,-2,,24.016666666666666,L,1,2,6.0,olympics_finals,2025-26,,,True,2.0,False,2.6,,
2026-02-25,ANA,0,2,2,2,2.0,22.03333333333333,L,5,6,,regular_season,2025-26,8480843,L. Dostal,False,3.0,False,2.0,3.5062,0.8955364656433267
2026-02-26,LAK,1,1,2,0,3.0,20.08333333333333,W,8,1,,regular_season,2025-26,8475311,D. Kuemper,False,1.0,True,1.8,3.0123,0.9028949773523678
2026-02-28,SJS,0,3,3,-2,3.0,21.566666666666663,L,4,5,,regular_season,2025-26,8482137,Y. Askarov,False,2.0,False,1.6,3.5926,0.8923005743960557
2026-03-03,OTT,0,2,2,0,4.0,27.616666666666667,W,5,4,,regular_season,2025-26,8476999,L. Ullmark,False,3.0,False,1.8,3.0,0.8934609188844211
2026-03-06,CAR,0,1,1,0,2.0,23.53333333333333,L,3,6,,regular_season,2025-26,8475883,F. Andersen,False,3.0,False,1.8,2.9268,0.890342446735392
2026-03-08,VGK,0,2,2,1,1.0,21.616666666666667,W,4,2,,regular_season,2025-26,8478499,A. Hill,False,2.0,False,2.0,3.0488,0.8904875407036292
2026-03-10,COL,1,1,2,1,5.0,23.95,W,4,3,,regular_season,2025-26,8478406,M. Blackwood,False,2.0,False,2.0,2.5062,0.9012915514080169
2026-03-12,DAL,0,0,0,-3,1.0,17.75,L,2,7,,regular_season,2025-26,8479979,J. Oettinger,False,2.0,False,2.0,2.7561,0.9002085619023904
2026-03-13,STL,1,0,1,0,4.0,26.466666666666665,L,2,3,,regular_season,2025-26,8480981,J. Hofer,False,1.0,True,1.4,3.1481,0.9015199834511473
2026-03-15,NSH,0,3,3,2,2.0,24.133333333333333,W,3,1,,regular_season,2025-26,8481020,J. Annunen,False,2.0,False,1.2,3.2593,0.8900487865407922
2026-03-17,SJS,0,1,1,0,5.0,24.866666666666667,W,5,3,,regular_season,2025-26,8477968,A. Nedeljkovic,False,2.0,False,1.6,3.5926,0.9002380793819926
2026-03-19,FLA,0,0,0,-1,1.0,21.48333333333333,L,0,4,,regular_season,2025-26,8475683,S. Bobrovsky,False,2.0,False,1.4,3.3659,0.8932810673553504
2026-03-21,TBL,1,0,1,-3,4.0,22.7,L,2,5,,regular_season,2025-26,8476883,A. Vasilevskiy,False,2.0,False,1.0,2.8171,0.9059310503225626
2026-03-24,UTA,2,0,2,2,4.0,20.7,W,5,2,,regular_season,2025-26,8478872,K. Vejmelka,False,3.0,False,1.2,2.9012,0.8972449241433482
2026-03-26,VGK,1,2,3,1,2.0,22.2,W,4,3,,regular_season,2025-26,8478499,A. Hill,False,2.0,False,1.4,3.0488,0.8877301128234393
2026-03-28,ANA,1,2,3,2,6.0,22.48333333333333,W,4,2,,regular_season,2025-26,8480843,L. Dostal,False,2.0,False,1.4,3.5062,0.893369966936205
2026-03-31,SEA,1,0,1,1,3.0,19.766666666666666,W,3,0,,regular_season,2025-26,8475831,P. Grubauer,False,3.0,False,1.8,3.2222,0.9030861000051352
2026-04-02,CHI,0,1,1,0,8.0,21.75,W,3,1,,regular_season,2025-26,8481519,S. Knight,False,2.0,False,2.0,3.3537,0.9023211642663939
2026-04-04,VGK,0,0,0,1,5.0,23.416666666666668,L,1,5,,regular_season,2025-26,8479394,C. Hart,False,2.0,False,2.0,3.0488,0.8904431902883829
2026-04-07,UTA,1,1,2,-1,4.0,22.08333333333333,L,5,6,,regular_season,2025-26,8478872,K. Vejmelka,False,3.0,False,1.6,2.9012,0.8958651422432817
2026-04-08,SJS,3,2,5,2,8.0,21.166666666666668,W,5,2,,regular_season,2025-26,8477968,A. Nedeljkovic,False,1.0,True,1.4,3.5926,0.8957375944403334
2026-04-11,LAK,0,0,0,-1,1.0,26.83333333333333,L,0,1,,regular_season,2025-26,8476341,A. Forsberg,False,3.0,False,1.8,3.0123,0.8994494980334581
2026-04-13,COL,1,0,1,0,5.0,27.916666666666668,L,1,2,,regular_season,2025-26,8475809,S. Wedgewood,False,2.0,False,1.6,2.5062,0.9076935966649915
2026-04-16,VAN,0,4,4,2,3.0,18.266666666666666,W,6,1,,regular_season,2025-26,8480947,K. Lankinen,False,3.0,False,1.6,3.8272,0.8858930475709607
2026-04-20,ANA,0,0,0,0,3.0,24.83333333333333,W,4,3,1.0,first_round,2025-26,8480843,L. Dostal,False,4.0,False,2.4,3.5062,0.8913641803577615
2026-04-22,ANA,0,0,0,-2,4.0,24.116666666666667,L,4,6,2.0,first_round,2025-26,8480843,L. Dostal,False,2.0,False,2.0,3.5062,0.8913146860064339
2026-04-24,ANA,1,1,2,-4,3.0,23.83333333333333,L,4,7,3.0,first_round,2025-26,8480843,L. Dostal,False,2.0,False,1.0,3.5062,0.8913282519669126
2026-04-26,ANA,0,2,2,0,3.0,19.53333333333333,L,3,4,4.0,first_round,2025-26,8480843,L. Dostal,False,2.0,False,1.4,3.5062,0.8908654427102126
2026-04-28,ANA,0,2,2,1,4.0,24.15,W,4,1,5.0,first_round,2025-26,8480843,L. Dostal,True,2.0,False,1.6,3.5062,0.890801933828131
2026-04-30,ANA,0,0,0,-3,3.0,24.816666666666663,L,2,5,6.0,first_round,2025-26,8480843,L. Dostal,True,2.0,False,1.2,3.5062,0.8900628362067791
